Gene_Symbol,Sample,Group,Expression
CRNN,GSM1551311,Normal,14.5648882778906
CRISP3,GSM1551311,Normal,13.1152190639063
TMPRSS11B,GSM1551311,Normal,12.8327803574219
SPINK7,GSM1551311,Normal,13.7955658532031
MAL,GSM1551311,Normal,14.7787030280469
CDKN2A,GSM1551311,Normal,1.98408429457031
CRNN,GSM1551312,Normal,14.0564544335156
CRISP3,GSM1551312,Normal,6.75317574705469
TMPRSS11B,GSM1551312,Normal,10.1356520378828
SPINK7,GSM1551312,Normal,10.9682819022734
MAL,GSM1551312,Normal,13.85694007
CDKN2A,GSM1551312,Normal,1.92554496924219
CRNN,GSM1551313,Normal,15.2572295938281
CRISP3,GSM1551313,Normal,14.8938157265625
TMPRSS11B,GSM1551313,Normal,14.5151785117187
SPINK7,GSM1551313,Normal,15.0214972961719
MAL,GSM1551313,Normal,15.6781892659375
CDKN2A,GSM1551313,Normal,2.6276705291875
CRNN,GSM1551314,Normal,14.1072403828125
CRISP3,GSM1551314,Normal,11.6408674352344
TMPRSS11B,GSM1551314,Normal,10.892401206
SPINK7,GSM1551314,Normal,11.0316611045547
MAL,GSM1551314,Normal,14.399881999375
CDKN2A,GSM1551314,Normal,2.38734572508594
CRNN,GSM1551315,Normal,14.8985029400781
CRISP3,GSM1551315,Normal,13.6674960521094
TMPRSS11B,GSM1551315,Normal,13.153796525625
SPINK7,GSM1551315,Normal,14.4834457236719
MAL,GSM1551315,Normal,15.0598928127344
CDKN2A,GSM1551315,Normal,1.93114217553125
CRNN,GSM1551316,Normal,14.2532551064063
CRISP3,GSM1551316,Normal,14.7830842932813
TMPRSS11B,GSM1551316,Normal,15.3688978628125
SPINK7,GSM1551316,Normal,14.2572703039062
MAL,GSM1551316,Normal,15.0265354314063
CDKN2A,GSM1551316,Normal,9.78995471885938
CRNN,GSM1551317,Normal,14.6054841483594
CRISP3,GSM1551317,Normal,12.670809670625
TMPRSS11B,GSM1551317,Normal,13.4984919440625
SPINK7,GSM1551317,Normal,12.2509467815625
MAL,GSM1551317,Normal,15.4288954026563
CDKN2A,GSM1551317,Normal,2.64513975911719
CRNN,GSM1551318,Normal,15.1163616610937
CRISP3,GSM1551318,Normal,16.29285959375
TMPRSS11B,GSM1551318,Normal,14.2776606609375
SPINK7,GSM1551318,Normal,15.3134985077344
MAL,GSM1551318,Normal,15.3361041067969
CDKN2A,GSM1551318,Normal,1.7957002725
CRNN,GSM1551319,Normal,10.6830494011328
CRISP3,GSM1551319,Normal,11.3576189044531
TMPRSS11B,GSM1551319,Normal,5.23952318658594
SPINK7,GSM1551319,Normal,2.65694859082812
MAL,GSM1551319,Normal,13.3599026232813
CDKN2A,GSM1551319,Normal,10.1008838859609
CRNN,GSM1551320,Normal,15.0157682425
CRISP3,GSM1551320,Normal,15.3274428210938
TMPRSS11B,GSM1551320,Normal,13.9666219996094
SPINK7,GSM1551320,Normal,14.5729167471875
MAL,GSM1551320,Normal,15.4839147409375
CDKN2A,GSM1551320,Normal,2.54617929646094
CRNN,GSM1551321,Normal,15.3438445734375
CRISP3,GSM1551321,Normal,15.5463238357812
TMPRSS11B,GSM1551321,Normal,14.5973188042969
SPINK7,GSM1551321,Normal,14.9230503042187
MAL,GSM1551321,Normal,15.5150521142188
CDKN2A,GSM1551321,Normal,1.92048031699219
CRNN,GSM1551322,Normal,14.9991766484375
CRISP3,GSM1551322,Normal,15.445171055625
TMPRSS11B,GSM1551322,Normal,14.1103227189063
SPINK7,GSM1551322,Normal,14.8076822967188
MAL,GSM1551322,Normal,15.1116196723437
CDKN2A,GSM1551322,Normal,2.376990759
CRNN,GSM1551323,Normal,14.9382138378125
CRISP3,GSM1551323,Normal,13.8326917653906
TMPRSS11B,GSM1551323,Normal,13.4896627976562
SPINK7,GSM1551323,Normal,14.2740131026562
MAL,GSM1551323,Normal,15.249426614375
CDKN2A,GSM1551323,Normal,7.01467174967969
CRNN,GSM1551324,Normal,11.372713129375
CRISP3,GSM1551324,Normal,11.9753187171094
TMPRSS11B,GSM1551324,Normal,9.30161934769531
SPINK7,GSM1551324,Normal,2.93190917378906
MAL,GSM1551324,Normal,12.8301722864844
CDKN2A,GSM1551324,Normal,5.86399896661719
CRNN,GSM1551325,Normal,14.9578128753125
CRISP3,GSM1551325,Normal,15.2286185033594
TMPRSS11B,GSM1551325,Normal,13.8142701321875
SPINK7,GSM1551325,Normal,14.3278659145312
MAL,GSM1551325,Normal,15.3778837852344
CDKN2A,GSM1551325,Normal,7.01852593532812
CRNN,GSM1551326,Normal,14.4147593235156
CRISP3,GSM1551326,Normal,13.5421175182031
TMPRSS11B,GSM1551326,Normal,13.4681773610156
SPINK7,GSM1551326,Normal,13.1468511210937
MAL,GSM1551326,Normal,15.1904831051563
CDKN2A,GSM1551326,Normal,2.36539290457812
CRNN,GSM1551327,Normal,15.0827433827344
CRISP3,GSM1551327,Normal,15.7418978802344
TMPRSS11B,GSM1551327,Normal,14.0380870053125
SPINK7,GSM1551327,Normal,14.9991766484375
MAL,GSM1551327,Normal,15.2892251717969
CDKN2A,GSM1551327,Normal,2.346804353375
CRNN,GSM1551328,Normal,1.40524016747656
CRISP3,GSM1551328,Normal,13.8085300222656
TMPRSS11B,GSM1551328,Normal,4.24535382695313
SPINK7,GSM1551328,Normal,2.69205152954687
MAL,GSM1551328,Normal,10.8004775719141
CDKN2A,GSM1551328,Normal,3.70330867467188
CRNN,GSM1551329,Normal,12.0172680058594
CRISP3,GSM1551329,Normal,14.4753971467188
TMPRSS11B,GSM1551329,Normal,11.5658176078125
SPINK7,GSM1551329,Normal,4.54354201907031
MAL,GSM1551329,Normal,13.6278216903125
CDKN2A,GSM1551329,Normal,2.42072686715625
CRNN,GSM1551330,Normal,9.7762885616875
CRISP3,GSM1551330,Normal,11.5842582883594
TMPRSS11B,GSM1551330,Normal,6.10858705297656
SPINK7,GSM1551330,Normal,2.70289226833594
MAL,GSM1551330,Normal,10.6370324137266
CDKN2A,GSM1551330,Normal,11.1568727196094
CRNN,GSM1551331,Normal,1.81953951899219
CRISP3,GSM1551331,Normal,10.3128478825547
TMPRSS11B,GSM1551331,Normal,2.74020028589844
SPINK7,GSM1551331,Normal,2.67008647123438
MAL,GSM1551331,Normal,2.87066684080469
CDKN2A,GSM1551331,Normal,2.3106790805
CRNN,GSM1551332,Normal,14.4346720484375
CRISP3,GSM1551332,Normal,13.9432876842188
TMPRSS11B,GSM1551332,Normal,13.1069925983594
SPINK7,GSM1551332,Normal,13.123416255625
MAL,GSM1551332,Normal,14.8938157265625
CDKN2A,GSM1551332,Normal,2.836760430125
CRNN,GSM1551333,Normal,13.2843541096875
CRISP3,GSM1551333,Normal,12.6765728852344
TMPRSS11B,GSM1551333,Normal,12.1416735
SPINK7,GSM1551333,Normal,11.7548274667187
MAL,GSM1551333,Normal,14.2641460722656
CDKN2A,GSM1551333,Normal,4.91891215939062
CRNN,GSM1551334,Normal,15.2350344353125
CRISP3,GSM1551334,Normal,13.4097659753906
TMPRSS11B,GSM1551334,Normal,12.3678926699219
SPINK7,GSM1551334,Normal,13.4724708366406
MAL,GSM1551334,Normal,15.6162827251562
CDKN2A,GSM1551334,Normal,2.97764338961719
CRNN,GSM1551335,CIN1,15.3274428210938
CRISP3,GSM1551335,CIN1,10.4102625473203
TMPRSS11B,GSM1551335,CIN1,12.8681042996094
SPINK7,GSM1551335,CIN1,13.5241134145313
MAL,GSM1551335,CIN1,14.8167715766406
CDKN2A,GSM1551335,CIN1,11.8251900307031
CRNN,GSM1551336,CIN1,13.8381679001563
CRISP3,GSM1551336,CIN1,3.8563373180625
TMPRSS11B,GSM1551336,CIN1,12.1298208225781
SPINK7,GSM1551336,CIN1,11.0638291654766
MAL,GSM1551336,CIN1,14.3421966675781
CDKN2A,GSM1551336,CIN1,2.36972504903906
CRNN,GSM1551337,CIN1,14.8355381710938
CRISP3,GSM1551337,CIN1,11.3738731057813
TMPRSS11B,GSM1551337,CIN1,12.4044306940625
SPINK7,GSM1551337,CIN1,13.4036473235938
MAL,GSM1551337,CIN1,14.7599180166406
CDKN2A,GSM1551337,CIN1,10.5643279975547
CRNN,GSM1551338,CIN1,13.1136965108594
CRISP3,GSM1551338,CIN1,6.40520283409375
TMPRSS11B,GSM1551338,CIN1,10.5493920076953
SPINK7,GSM1551338,CIN1,7.66791486998437
MAL,GSM1551338,CIN1,13.851179425625
CDKN2A,GSM1551338,CIN1,2.55511933178906
CRNN,GSM1551339,CIN1,11.8201481407812
CRISP3,GSM1551339,CIN1,9.20049472239062
TMPRSS11B,GSM1551339,CIN1,12.1905618203125
SPINK7,GSM1551339,CIN1,8.6416661153125
MAL,GSM1551339,CIN1,11.6655881027344
CDKN2A,GSM1551339,CIN1,8.44391082732031
CRNN,GSM1551340,CIN1,13.6814195214844
CRISP3,GSM1551340,CIN1,8.90457312582813
TMPRSS11B,GSM1551340,CIN1,11.3264672477344
SPINK7,GSM1551340,CIN1,7.08457128204688
MAL,GSM1551340,CIN1,14.5312070875781
CDKN2A,GSM1551340,CIN1,6.26645748003125
CRNN,GSM1551341,CIN1,14.8167715766406
CRISP3,GSM1551341,CIN1,15.1231591539063
TMPRSS11B,GSM1551341,CIN1,14.1072403828125
SPINK7,GSM1551341,CIN1,14.4753971467188
MAL,GSM1551341,CIN1,14.9425124399219
CDKN2A,GSM1551341,CIN1,3.02104368484375
CRNN,GSM1551342,CIN1,14.8582778235938
CRISP3,GSM1551342,CIN1,15.5916422925
TMPRSS11B,GSM1551342,CIN1,14.6231822919531
SPINK7,GSM1551342,CIN1,15.3517894714844
MAL,GSM1551342,CIN1,15.0598928127344
CDKN2A,GSM1551342,CIN1,2.49748661148438
CRNN,GSM1551343,CIN1,14.6054841483594
CRISP3,GSM1551343,CIN1,11.0330074913281
TMPRSS11B,GSM1551343,CIN1,12.1982475871094
SPINK7,GSM1551343,CIN1,12.3868694275781
MAL,GSM1551343,CIN1,14.8630963115625
CDKN2A,GSM1551343,CIN1,12.2120070673437
CRNN,GSM1551344,CIN1,14.7933210528125
CRISP3,GSM1551344,CIN1,13.3310901784375
TMPRSS11B,GSM1551344,CIN1,13.3793150935937
SPINK7,GSM1551344,CIN1,12.6787898239844
MAL,GSM1551344,CIN1,14.8401032669531
CDKN2A,GSM1551344,CIN1,7.80643641603125
CRNN,GSM1551345,CIN1,12.9710160007812
CRISP3,GSM1551345,CIN1,9.54158579979688
TMPRSS11B,GSM1551345,CIN1,7.59094704898437
SPINK7,GSM1551345,CIN1,2.50375743439844
MAL,GSM1551345,CIN1,12.7683273076563
CDKN2A,GSM1551345,CIN1,1.8092444493125
CRNN,GSM1551346,CIN1,9.68377027728125
CRISP3,GSM1551346,CIN1,6.23636897707031
TMPRSS11B,GSM1551346,CIN1,5.45090231534375
SPINK7,GSM1551346,CIN1,4.57191968896094
MAL,GSM1551346,CIN1,7.27458988896094
CDKN2A,GSM1551346,CIN1,11.7488010728906
CRNN,GSM1551347,CIN1,10.7910790651484
CRISP3,GSM1551347,CIN1,3.71122170935937
TMPRSS11B,GSM1551347,CIN1,6.28095933413281
SPINK7,GSM1551347,CIN1,2.69013872853906
MAL,GSM1551347,CIN1,10.8475189990234
CDKN2A,GSM1551347,CIN1,11.6854823583594
CRNN,GSM1551348,CIN1,14.4980899305469
CRISP3,GSM1551348,CIN1,13.2751741033594
TMPRSS11B,GSM1551348,CIN1,12.9102991598438
SPINK7,GSM1551348,CIN1,12.7889749375
MAL,GSM1551348,CIN1,15.0938177140625
CDKN2A,GSM1551348,CIN1,4.38393903603125
CRNN,GSM1551349,CIN2,15.1231591539063
CRISP3,GSM1551349,CIN2,14.9578128753125
TMPRSS11B,GSM1551349,CIN2,14.2891972464062
SPINK7,GSM1551349,CIN2,14.73241236
MAL,GSM1551349,CIN2,15.4839147409375
CDKN2A,GSM1551349,CIN2,1.9394670741875
CRNN,GSM1551350,CIN2,10.6344112338437
CRISP3,GSM1551350,CIN2,4.01394968252344
TMPRSS11B,GSM1551350,CIN2,11.4709608239844
SPINK7,GSM1551350,CIN2,7.48810497629688
MAL,GSM1551350,CIN2,13.5871978445313
CDKN2A,GSM1551350,CIN2,10.8932970360156
CRNN,GSM1551351,CIN2,9.69046458305469
CRISP3,GSM1551351,CIN2,4.19871659302344
TMPRSS11B,GSM1551351,CIN2,7.29954076225
SPINK7,GSM1551351,CIN2,6.20683061492969
MAL,GSM1551351,CIN2,10.9123300679063
CDKN2A,GSM1551351,CIN2,12.4950666603125
CRNN,GSM1551352,CIN2,14.7886482960938
CRISP3,GSM1551352,CIN2,13.3027652257813
TMPRSS11B,GSM1551352,CIN2,13.6880851482812
SPINK7,GSM1551352,CIN2,14.4753971467188
MAL,GSM1551352,CIN2,14.8733455592969
CDKN2A,GSM1551352,CIN2,2.65843446900781
CRNN,GSM1551353,CIN2,14.8355381710938
CRISP3,GSM1551353,CIN2,13.4745275794531
TMPRSS11B,GSM1551353,CIN2,13.1969741491406
SPINK7,GSM1551353,CIN2,11.8636936235156
MAL,GSM1551353,CIN2,14.5312070875781
CDKN2A,GSM1551353,CIN2,11.6693279450781
CRNN,GSM1551354,CIN2,14.9281323598437
CRISP3,GSM1551354,CIN2,12.8667896852344
TMPRSS11B,GSM1551354,CIN2,13.2360330760156
SPINK7,GSM1551354,CIN2,13.016195594375
MAL,GSM1551354,CIN2,14.1963942842969
CDKN2A,GSM1551354,CIN2,11.8018725279688
CRNN,GSM1551355,CIN2,14.8538110544531
CRISP3,GSM1551355,CIN2,13.7325535973438
TMPRSS11B,GSM1551355,CIN2,13.7302573188281
SPINK7,GSM1551355,CIN2,14.2134542847656
MAL,GSM1551355,CIN2,14.8304652573438
CDKN2A,GSM1551355,CIN2,3.07814566805469
CRNN,GSM1551356,CIN2,12.5086988069531
CRISP3,GSM1551356,CIN2,9.93632923310937
TMPRSS11B,GSM1551356,CIN2,8.99680829145312
SPINK7,GSM1551356,CIN2,5.77159996686719
MAL,GSM1551356,CIN2,13.218170463125
CDKN2A,GSM1551356,CIN2,10.0137279087578
CRNN,GSM1551357,CIN2,13.8619238235938
CRISP3,GSM1551357,CIN2,13.2289874039844
TMPRSS11B,GSM1551357,CIN2,12.2390934135156
SPINK7,GSM1551357,CIN2,14.0027058417969
MAL,GSM1551357,CIN2,14.1428449950781
CDKN2A,GSM1551357,CIN2,12.2009139219531
CRNN,GSM1551358,CIN2,14.6567785759375
CRISP3,GSM1551358,CIN2,12.8247366645312
TMPRSS11B,GSM1551358,CIN2,12.4141891379687
SPINK7,GSM1551358,CIN2,12.2850906461719
MAL,GSM1551358,CIN2,13.3679022144531
CDKN2A,GSM1551358,CIN2,12.30001380875
CRNN,GSM1551359,CIN2,13.6906256828906
CRISP3,GSM1551359,CIN2,11.3866027415625
TMPRSS11B,GSM1551359,CIN2,11.0451317604531
SPINK7,GSM1551359,CIN2,9.40268852621094
MAL,GSM1551359,CIN2,13.7675453665625
CDKN2A,GSM1551359,CIN2,11.2830047976563
CRNN,GSM1551360,CIN2,14.2641460722656
CRISP3,GSM1551360,CIN2,7.47995023545313
TMPRSS11B,GSM1551360,CIN2,13.32377867875
SPINK7,GSM1551360,CIN2,11.6989165130469
MAL,GSM1551360,CIN2,14.4509176011719
CDKN2A,GSM1551360,CIN2,11.3242433096094
CRNN,GSM1551361,CIN2,13.1202378873437
CRISP3,GSM1551361,CIN2,11.5230537989844
TMPRSS11B,GSM1551361,CIN2,13.089114283125
SPINK7,GSM1551361,CIN2,8.89242523852344
MAL,GSM1551361,CIN2,14.0240339741406
CDKN2A,GSM1551361,CIN2,11.0335613491641
CRNN,GSM1551362,CIN2,14.4834457236719
CRISP3,GSM1551362,CIN2,13.7699915614063
TMPRSS11B,GSM1551362,CIN2,14.161486113125
SPINK7,GSM1551362,CIN2,14.7509554424219
MAL,GSM1551362,CIN2,15.1357693277344
CDKN2A,GSM1551362,CIN2,2.11028215083594
CRNN,GSM1551363,CIN2,11.2942651796875
CRISP3,GSM1551363,CIN2,9.5869481975
TMPRSS11B,GSM1551363,CIN2,8.26952557772656
SPINK7,GSM1551363,CIN2,9.01721722903906
MAL,GSM1551363,CIN2,11.0509564205469
CDKN2A,GSM1551363,CIN2,11.7204737372656
CRNN,GSM1551364,CIN2,12.6859330358594
CRISP3,GSM1551364,CIN2,7.53709830821875
TMPRSS11B,GSM1551364,CIN2,10.3496327548203
SPINK7,GSM1551364,CIN2,7.76340136885938
MAL,GSM1551364,CIN2,9.97690074192969
CDKN2A,GSM1551364,CIN2,11.5101562313281
CRNN,GSM1551365,CIN2,7.12946396060937
CRISP3,GSM1551365,CIN2,5.17681922703125
TMPRSS11B,GSM1551365,CIN2,3.26503044919531
SPINK7,GSM1551365,CIN2,2.67857842840625
MAL,GSM1551365,CIN2,9.43428390755469
CDKN2A,GSM1551365,CIN2,4.65465212404687
CRNN,GSM1551366,CIN2,14.4255344592188
CRISP3,GSM1551366,CIN2,14.8783627701563
TMPRSS11B,GSM1551366,CIN2,13.5009894297656
SPINK7,GSM1551366,CIN2,12.3953473801563
MAL,GSM1551366,CIN2,14.5276468307031
CDKN2A,GSM1551366,CIN2,11.5363994553125
CRNN,GSM1551367,CIN2,14.7984894485938
CRISP3,GSM1551367,CIN2,15.4374494496094
TMPRSS11B,GSM1551367,CIN2,14.4676726314844
SPINK7,GSM1551367,CIN2,14.26096988375
MAL,GSM1551367,CIN2,14.9879236180469
CDKN2A,GSM1551367,CIN2,8.78076779510156
CRNN,GSM1551368,CIN2,12.4190869796094
CRISP3,GSM1551368,CIN2,3.62556172014844
TMPRSS11B,GSM1551368,CIN2,12.31323117875
SPINK7,GSM1551368,CIN2,10.1005390822734
MAL,GSM1551368,CIN2,11.2587477389844
CDKN2A,GSM1551368,CIN2,11.7923260478906
CRNN,GSM1551369,CIN2,14.3807520175
CRISP3,GSM1551369,CIN2,9.61018412440625
TMPRSS11B,GSM1551369,CIN2,12.5865945023438
SPINK7,GSM1551369,CIN2,9.33290036829687
MAL,GSM1551369,CIN2,14.4075091594531
CDKN2A,GSM1551369,CIN2,10.4714379590313
CRNN,GSM1551370,CIN2,14.0147783559375
CRISP3,GSM1551370,CIN2,7.65988716817187
TMPRSS11B,GSM1551370,CIN2,13.393260900625
SPINK7,GSM1551370,CIN2,8.57866237560937
MAL,GSM1551370,CIN2,14.1739702189844
CDKN2A,GSM1551370,CIN2,11.1205143477344
CRNN,GSM1551371,CIN3,11.8977409046094
CRISP3,GSM1551371,CIN3,4.7367079375625
TMPRSS11B,GSM1551371,CIN3,10.1040779136719
SPINK7,GSM1551371,CIN3,11.2850931402344
MAL,GSM1551371,CIN3,12.7233433314062
CDKN2A,GSM1551371,CIN3,11.7198109024219
CRNN,GSM1551372,CIN3,12.4044306940625
CRISP3,GSM1551372,CIN3,5.51397984000781
TMPRSS11B,GSM1551372,CIN3,10.1967074145859
SPINK7,GSM1551372,CIN3,9.44601945960937
MAL,GSM1551372,CIN3,12.050861483125
CDKN2A,GSM1551372,CIN3,11.5945091120313
CRNN,GSM1551373,CIN3,13.1152190639063
CRISP3,GSM1551373,CIN3,5.66329914725
TMPRSS11B,GSM1551373,CIN3,8.657233951375
SPINK7,GSM1551373,CIN3,4.50343297282031
MAL,GSM1551373,CIN3,11.8780688871875
CDKN2A,GSM1551373,CIN3,11.1479131567969
CRNN,GSM1551374,CIN3,12.2962536007813
CRISP3,GSM1551374,CIN3,3.6525521603125
TMPRSS11B,GSM1551374,CIN3,10.0076993226641
SPINK7,GSM1551374,CIN3,11.1107567892187
MAL,GSM1551374,CIN3,7.42018590359375
CDKN2A,GSM1551374,CIN3,12.7333404853125
CRNN,GSM1551375,CIN3,13.6463207249219
CRISP3,GSM1551375,CIN3,11.6814660892188
TMPRSS11B,GSM1551375,CIN3,12.2475700233594
SPINK7,GSM1551375,CIN3,12.1364811240625
MAL,GSM1551375,CIN3,14.4041563378125
CDKN2A,GSM1551375,CIN3,11.3847055648438
CRNN,GSM1551376,CIN3,15.0704620430469
CRISP3,GSM1551376,CIN3,13.1797211491406
TMPRSS11B,GSM1551376,CIN3,13.8114142366406
SPINK7,GSM1551376,CIN3,13.6532815875
MAL,GSM1551376,CIN3,15.1486190874219
CDKN2A,GSM1551376,CIN3,9.12216064390625
CRNN,GSM1551377,CIN3,15.0540024903906
CRISP3,GSM1551377,CIN3,12.6352687080469
TMPRSS11B,GSM1551377,CIN3,10.6610330987188
SPINK7,GSM1551377,CIN3,9.92663520946875
MAL,GSM1551377,CIN3,14.849519444375
CDKN2A,GSM1551377,CIN3,2.17023171261719
CRNN,GSM1551378,CIN3,14.1963942842969
CRISP3,GSM1551378,CIN3,12.214439366875
TMPRSS11B,GSM1551378,CIN3,12.8153729500781
SPINK7,GSM1551378,CIN3,13.8967161428906
MAL,GSM1551378,CIN3,14.6187871625781
CDKN2A,GSM1551378,CIN3,9.37688337328906
CRNN,GSM1551379,CIN3,13.31988912625
CRISP3,GSM1551379,CIN3,3.49112924189844
TMPRSS11B,GSM1551379,CIN3,10.6518053767578
SPINK7,GSM1551379,CIN3,7.58409640084375
MAL,GSM1551379,CIN3,14.3722369990625
CDKN2A,GSM1551379,CIN3,10.4971472991562
CRNN,GSM1551380,CIN3,12.8845241390625
CRISP3,GSM1551380,CIN3,3.78383730659375
TMPRSS11B,GSM1551380,CIN3,11.6623065304688
SPINK7,GSM1551380,CIN3,9.97350748654688
MAL,GSM1551380,CIN3,13.4495834726563
CDKN2A,GSM1551380,CIN3,12.1256184946094
CRNN,GSM1551381,CIN3,11.1589698044531
CRISP3,GSM1551381,CIN3,4.50729852001562
TMPRSS11B,GSM1551381,CIN3,11.0446620467969
SPINK7,GSM1551381,CIN3,10.41318199275
MAL,GSM1551381,CIN3,12.3392406717969
CDKN2A,GSM1551381,CIN3,12.0602413032813
CRNN,GSM1551382,CIN3,14.4346720484375
CRISP3,GSM1551382,CIN3,11.9122421075781
TMPRSS11B,GSM1551382,CIN3,13.7627481171875
SPINK7,GSM1551382,CIN3,13.4703376247656
MAL,GSM1551382,CIN3,14.7127386242969
CDKN2A,GSM1551382,CIN3,11.1990301761719
CRNN,GSM1551383,CIN3,10.0871183804531
CRISP3,GSM1551383,CIN3,3.92396521553125
TMPRSS11B,GSM1551383,CIN3,6.85927602040625
SPINK7,GSM1551383,CIN3,5.84745479663281
MAL,GSM1551383,CIN3,9.19599760792187
CDKN2A,GSM1551383,CIN3,12.0534638809375
CRNN,GSM1551384,CIN3,14.3884118213281
CRISP3,GSM1551384,CIN3,12.5928714665625
TMPRSS11B,GSM1551384,CIN3,13.59384220125
SPINK7,GSM1551384,CIN3,13.0989363739063
MAL,GSM1551384,CIN3,14.8167715766406
CDKN2A,GSM1551384,CIN3,11.2571076596875
CRNN,GSM1551385,CIN3,9.77846019710156
CRISP3,GSM1551385,CIN3,3.64236776960938
TMPRSS11B,GSM1551385,CIN3,9.14898203551562
SPINK7,GSM1551385,CIN3,2.40433180202344
MAL,GSM1551385,CIN3,7.27532920133594
CDKN2A,GSM1551385,CIN3,10.4179510163359
CRNN,GSM1551386,CIN3,7.89790739285938
CRISP3,GSM1551386,CIN3,4.21583244010938
TMPRSS11B,GSM1551386,CIN3,2.75934721395312
SPINK7,GSM1551386,CIN3,2.47213815875781
MAL,GSM1551386,CIN3,7.6226539745625
CDKN2A,GSM1551386,CIN3,10.9880214838281
CRNN,GSM1551387,CIN3,1.53824132710938
CRISP3,GSM1551387,CIN3,3.72019367771875
TMPRSS11B,GSM1551387,CIN3,2.81151019595313
SPINK7,GSM1551387,CIN3,2.33789039269531
MAL,GSM1551387,CIN3,7.42515734325
CDKN2A,GSM1551387,CIN3,12.1136733704687
CRNN,GSM1551388,CIN3,13.1814789255469
CRISP3,GSM1551388,CIN3,12.3582730560938
TMPRSS11B,GSM1551388,CIN3,11.7069537291406
SPINK7,GSM1551388,CIN3,13.4961282392188
MAL,GSM1551388,CIN3,14.1299046871094
CDKN2A,GSM1551388,CIN3,10.5936164751016
CRNN,GSM1551389,CIN3,13.5510257457031
CRISP3,GSM1551389,CIN3,12.1847800417187
TMPRSS11B,GSM1551389,CIN3,12.5227661232031
SPINK7,GSM1551389,CIN3,11.9844142464844
MAL,GSM1551389,CIN3,14.5394732505469
CDKN2A,GSM1551389,CIN3,11.8149515945312
CRNN,GSM1551390,CIN3,8.25143542120312
CRISP3,GSM1551390,CIN3,3.42954874661719
TMPRSS11B,GSM1551390,CIN3,6.9376872585
SPINK7,GSM1551390,CIN3,3.01791861429688
MAL,GSM1551390,CIN3,2.56945021247656
CDKN2A,GSM1551390,CIN3,10.9914176525469
CRNN,GSM1551391,CIN3,13.7202640332031
CRISP3,GSM1551391,CIN3,11.6115120771094
TMPRSS11B,GSM1551391,CIN3,10.5305314600547
SPINK7,GSM1551391,CIN3,9.48559144475
MAL,GSM1551391,CIN3,14.2402425036719
CDKN2A,GSM1551391,CIN3,12.2052066833594
CRNN,GSM1551392,CIN3,11.4638904147656
CRISP3,GSM1551392,CIN3,9.36240892377344
TMPRSS11B,GSM1551392,CIN3,9.66294330891406
SPINK7,GSM1551392,CIN3,6.44608852030469
MAL,GSM1551392,CIN3,10.5020120384531
CDKN2A,GSM1551392,CIN3,11.0658300599375
CRNN,GSM1551393,CIN3,6.03901380345313
CRISP3,GSM1551393,CIN3,10.2416120272656
TMPRSS11B,GSM1551393,CIN3,3.38526033332031
SPINK7,GSM1551393,CIN3,2.35684479996094
MAL,GSM1551393,CIN3,9.79992933771094
CDKN2A,GSM1551393,CIN3,9.34075779207031
CRNN,GSM1551394,CIN3,4.88732469071875
CRISP3,GSM1551394,CIN3,9.1148367534375
TMPRSS11B,GSM1551394,CIN3,5.62606233983594
SPINK7,GSM1551394,CIN3,11.6101688621875
MAL,GSM1551394,CIN3,3.70760135769531
CDKN2A,GSM1551394,CIN3,10.8131238323438
CRNN,GSM1551395,CIN3,1.52096458340625
CRISP3,GSM1551395,CIN3,3.41613941030469
TMPRSS11B,GSM1551395,CIN3,2.70225223154688
SPINK7,GSM1551395,CIN3,2.33543057871094
MAL,GSM1551395,CIN3,3.88163064260937
CDKN2A,GSM1551395,CIN3,1.72248345424219
CRNN,GSM1551396,CIN3,13.8840372549219
CRISP3,GSM1551396,CIN3,6.98357706710156
TMPRSS11B,GSM1551396,CIN3,12.1186968727344
SPINK7,GSM1551396,CIN3,10.4153029882734
MAL,GSM1551396,CIN3,14.3278659145312
CDKN2A,GSM1551396,CIN3,11.2491808964062
CRNN,GSM1551397,CIN3,7.09253314596875
CRISP3,GSM1551397,CIN3,7.22443469094531
TMPRSS11B,GSM1551397,CIN3,3.44261098886719
SPINK7,GSM1551397,CIN3,2.34246425889844
MAL,GSM1551397,CIN3,9.87561658133594
CDKN2A,GSM1551397,CIN3,11.1122090534375
CRNN,GSM1551398,CIN3,1.55600783047656
CRISP3,GSM1551398,CIN3,8.48959295496094
TMPRSS11B,GSM1551398,CIN3,6.56991453564062
SPINK7,GSM1551398,CIN3,2.47083496870312
MAL,GSM1551398,CIN3,2.6171162965
CDKN2A,GSM1551398,CIN3,11.5439991696094
CRNN,GSM1551399,CIN3,12.7082619710156
CRISP3,GSM1551399,CIN3,10.0839377410938
TMPRSS11B,GSM1551399,CIN3,10.4481213067109
SPINK7,GSM1551399,CIN3,2.40257989610937
MAL,GSM1551399,CIN3,12.0287281553125
CDKN2A,GSM1551399,CIN3,11.5685938264063
CRNN,GSM1551400,CIN3,14.7738771333594
CRISP3,GSM1551400,CIN3,14.7647286594531
TMPRSS11B,GSM1551400,CIN3,13.697940161875
SPINK7,GSM1551400,CIN3,14.6054841483594
MAL,GSM1551400,CIN3,14.9879236180469
CDKN2A,GSM1551400,CIN3,2.38857784730469
CRNN,GSM1551401,CIN3,12.3975154854687
CRISP3,GSM1551401,CIN3,8.57595929250781
TMPRSS11B,GSM1551401,CIN3,11.1132627059375
SPINK7,GSM1551401,CIN3,9.96491253176563
MAL,GSM1551401,CIN3,13.2479762592969
CDKN2A,GSM1551401,CIN3,10.9482832497188
CRNN,GSM1551402,CIN3,1.78911070096875
CRISP3,GSM1551402,CIN3,10.0474445520469
TMPRSS11B,GSM1551402,CIN3,3.44630623964844
SPINK7,GSM1551402,CIN3,2.33699570065625
MAL,GSM1551402,CIN3,8.36667070848437
CDKN2A,GSM1551402,CIN3,10.5985415095859
CRNN,GSM1551403,CIN3,1.52038858778906
CRISP3,GSM1551403,CIN3,3.4075327688125
TMPRSS11B,GSM1551403,CIN3,3.12884533480469
SPINK7,GSM1551403,CIN3,2.33439882744531
MAL,GSM1551403,CIN3,9.11164252478125
CDKN2A,GSM1551403,CIN3,10.5115802556563
CRNN,GSM1551404,CIN3,3.91554826057813
CRISP3,GSM1551404,CIN3,3.67823942363281
TMPRSS11B,GSM1551404,CIN3,8.41018360447656
SPINK7,GSM1551404,CIN3,7.42740152203125
MAL,GSM1551404,CIN3,8.50421436110156
CDKN2A,GSM1551404,CIN3,12.5973216527344
CRNN,GSM1551405,CIN3,13.6789885186719
CRISP3,GSM1551405,CIN3,6.05672501964063
TMPRSS11B,GSM1551405,CIN3,12.8235233307031
SPINK7,GSM1551405,CIN3,12.2543432111719
MAL,GSM1551405,CIN3,14.1833040889062
CDKN2A,GSM1551405,CIN3,10.6366393402812
CRNN,GSM1551406,CIN3,1.5413841315
CRISP3,GSM1551406,CIN3,3.53297914200781
TMPRSS11B,GSM1551406,CIN3,3.40162958744531
SPINK7,GSM1551406,CIN3,2.33789039269531
MAL,GSM1551406,CIN3,3.71211403971875
CDKN2A,GSM1551406,CIN3,11.1773772146094
CRNN,GSM1551407,CIN3,10.858928803125
CRISP3,GSM1551407,CIN3,3.52963152711719
TMPRSS11B,GSM1551407,CIN3,9.36417782438281
SPINK7,GSM1551407,CIN3,9.38705664091406
MAL,GSM1551407,CIN3,3.77537377797656
CDKN2A,GSM1551407,CIN3,11.4632775014062
CRNN,GSM1551408,CIN3,13.8352984426562
CRISP3,GSM1551408,CIN3,11.0126858441953
TMPRSS11B,GSM1551408,CIN3,11.6199379046875
SPINK7,GSM1551408,CIN3,5.02216374159375
MAL,GSM1551408,CIN3,14.5563040114844
CDKN2A,GSM1551408,CIN3,12.0102370904688
CRNN,GSM1551409,CIN3,13.1848956891406
CRISP3,GSM1551409,CIN3,9.80483180689844
TMPRSS11B,GSM1551409,CIN3,10.3569754105625
SPINK7,GSM1551409,CIN3,5.35965603288281
MAL,GSM1551409,CIN3,13.8007923460938
CDKN2A,GSM1551409,CIN3,13.0680096295313
CRNN,GSM1551410,CIN3,1.40032335879688
CRISP3,GSM1551410,CIN3,4.69729164591406
TMPRSS11B,GSM1551410,CIN3,2.72726088855469
SPINK7,GSM1551410,CIN3,2.68624202171094
MAL,GSM1551410,CIN3,4.88248020638281
CDKN2A,GSM1551410,CIN3,11.4130278135938
CRNN,GSM1551411,Cancer,1.67512097292188
CRISP3,GSM1551411,Cancer,3.43304618039063
TMPRSS11B,GSM1551411,Cancer,2.98413253969531
SPINK7,GSM1551411,Cancer,2.58364157473437
MAL,GSM1551411,Cancer,2.6433296589375
CDKN2A,GSM1551411,Cancer,11.0653699170625
CRNN,GSM1551412,Cancer,14.5111934708594
CRISP3,GSM1551412,Cancer,4.965640400375
TMPRSS11B,GSM1551412,Cancer,13.9609052620313
SPINK7,GSM1551412,Cancer,12.7748676258594
MAL,GSM1551412,Cancer,7.72951895592187
CDKN2A,GSM1551412,Cancer,10.7790465266953
CRNN,GSM1551413,Cancer,14.6904452332031
CRISP3,GSM1551413,Cancer,13.0207862761719
TMPRSS11B,GSM1551413,Cancer,14.1268975854688
SPINK7,GSM1551413,Cancer,14.0799139158594
MAL,GSM1551413,Cancer,14.4255344592188
CDKN2A,GSM1551413,Cancer,9.13296186128906
CRNN,GSM1551414,Cancer,1.67557322557813
CRISP3,GSM1551414,Cancer,3.52247979978125
TMPRSS11B,GSM1551414,Cancer,4.17763549899219
SPINK7,GSM1551414,Cancer,3.24576532508594
MAL,GSM1551414,Cancer,8.18074984557813
CDKN2A,GSM1551414,Cancer,12.3669482330469
CRNN,GSM1551415,Cancer,5.49666195341406
CRISP3,GSM1551415,Cancer,4.07333592161719
TMPRSS11B,GSM1551415,Cancer,8.09630697844531
SPINK7,GSM1551415,Cancer,8.48848235963281
MAL,GSM1551415,Cancer,12.9277610946875
CDKN2A,GSM1551415,Cancer,11.8404232492188
CRNN,GSM1551416,Cancer,1.7012284714375
CRISP3,GSM1551416,Cancer,3.72411834330469
TMPRSS11B,GSM1551416,Cancer,3.51064389958594
SPINK7,GSM1551416,Cancer,6.01520054104687
MAL,GSM1551416,Cancer,2.91713436896094
CDKN2A,GSM1551416,Cancer,12.4326803290625
CRNN,GSM1551417,Cancer,1.48740145592188
CRISP3,GSM1551417,Cancer,3.34421246419531
TMPRSS11B,GSM1551417,Cancer,2.64972814702344
SPINK7,GSM1551417,Cancer,1.96964829983594
MAL,GSM1551417,Cancer,7.22878572257812
CDKN2A,GSM1551417,Cancer,9.57761247207812
CRNN,GSM1551418,Cancer,1.80478787592969
CRISP3,GSM1551418,Cancer,3.172723971375
TMPRSS11B,GSM1551418,Cancer,2.69937331764844
SPINK7,GSM1551418,Cancer,2.67800223216406
MAL,GSM1551418,Cancer,5.74596996805469
CDKN2A,GSM1551418,Cancer,10.3225391303281
CRNN,GSM1551419,Cancer,1.77299838407812
CRISP3,GSM1551419,Cancer,3.56319907607031
TMPRSS11B,GSM1551419,Cancer,3.39767539082812
SPINK7,GSM1551419,Cancer,1.96685019754688
MAL,GSM1551419,Cancer,3.494209020875
CDKN2A,GSM1551419,Cancer,9.97250520816406
CRNN,GSM1551420,Cancer,1.51663851992188
CRISP3,GSM1551420,Cancer,3.84212125813281
TMPRSS11B,GSM1551420,Cancer,3.4892855763125
SPINK7,GSM1551420,Cancer,6.56991453564062
MAL,GSM1551420,Cancer,3.55348094925
CDKN2A,GSM1551420,Cancer,12.572880311875
CRNN,GSM1551421,Cancer,1.56970964269531
CRISP3,GSM1551421,Cancer,3.54714576503906
TMPRSS11B,GSM1551421,Cancer,2.73386619879687
SPINK7,GSM1551421,Cancer,2.32182072448437
MAL,GSM1551421,Cancer,8.29821249472656
CDKN2A,GSM1551421,Cancer,9.15165796480469
CRNN,GSM1551422,Cancer,1.51869674620312
CRISP3,GSM1551422,Cancer,3.36041784957031
TMPRSS11B,GSM1551422,Cancer,2.65360208701563
SPINK7,GSM1551422,Cancer,2.34361552777344
MAL,GSM1551422,Cancer,6.55928706903125
CDKN2A,GSM1551422,Cancer,1.67613606958594
CRNN,GSM1551423,Cancer,1.48794201223437
CRISP3,GSM1551423,Cancer,3.553715331375
TMPRSS11B,GSM1551423,Cancer,2.70802745732813
SPINK7,GSM1551423,Cancer,2.3482356571875
MAL,GSM1551423,Cancer,7.71637803944531
CDKN2A,GSM1551423,Cancer,11.319854956875
CRNN,GSM1551424,Cancer,13.3737681389844
CRISP3,GSM1551424,Cancer,3.44742585696094
TMPRSS11B,GSM1551424,Cancer,12.49054992375
SPINK7,GSM1551424,Cancer,10.5762481933125
MAL,GSM1551424,Cancer,14.8444015247656
CDKN2A,GSM1551424,Cancer,11.1168411815625
CRNN,GSM1551425,Cancer,1.49092668338281
CRISP3,GSM1551425,Cancer,7.82496551325
TMPRSS11B,GSM1551425,Cancer,2.78707234984375
SPINK7,GSM1551425,Cancer,2.32781982561719
MAL,GSM1551425,Cancer,3.6398406086875
CDKN2A,GSM1551425,Cancer,8.97073993729687
CRNN,GSM1551426,Cancer,4.89357264385938
CRISP3,GSM1551426,Cancer,3.51910644176562
TMPRSS11B,GSM1551426,Cancer,6.13487310564844
SPINK7,GSM1551426,Cancer,7.70456526390625
MAL,GSM1551426,Cancer,12.8642108039062
CDKN2A,GSM1551426,Cancer,11.2878194892969
CRNN,GSM1551427,Cancer,1.50099218878906
CRISP3,GSM1551427,Cancer,3.35702226658594
TMPRSS11B,GSM1551427,Cancer,2.64343151953125
SPINK7,GSM1551427,Cancer,1.96846795035937
MAL,GSM1551427,Cancer,7.65954820303906
CDKN2A,GSM1551427,Cancer,9.45000506335156
CRNN,GSM1551428,Cancer,1.48983969683594
CRISP3,GSM1551428,Cancer,3.46234621685156
TMPRSS11B,GSM1551428,Cancer,2.72339769210937
SPINK7,GSM1551428,Cancer,1.97718022470312
MAL,GSM1551428,Cancer,3.6451242424375
CDKN2A,GSM1551428,Cancer,8.2849039304375
CRNN,GSM1551429,Cancer,1.4876625456875
CRISP3,GSM1551429,Cancer,4.51176641880469
TMPRSS11B,GSM1551429,Cancer,2.69336173608594
SPINK7,GSM1551429,Cancer,1.97537016982812
MAL,GSM1551429,Cancer,3.6776310508125
CDKN2A,GSM1551429,Cancer,11.7690296828906
CRNN,GSM1551430,Cancer,1.491604986625
CRISP3,GSM1551430,Cancer,3.48392753325
TMPRSS11B,GSM1551430,Cancer,5.14446337829687
SPINK7,GSM1551430,Cancer,2.35099686514062
MAL,GSM1551430,Cancer,8.51447362128906
CDKN2A,GSM1551430,Cancer,11.153687933125
CRNN,GSM1551431,Cancer,1.54116763530469
CRISP3,GSM1551431,Cancer,3.49280184678125
TMPRSS11B,GSM1551431,Cancer,5.26221277907812
SPINK7,GSM1551431,Cancer,10.0603676130156
MAL,GSM1551431,Cancer,11.6969812044531
CDKN2A,GSM1551431,Cancer,4.73181144048437
CRNN,GSM1551432,Cancer,7.88265686573437
CRISP3,GSM1551432,Cancer,3.50523019051563
TMPRSS11B,GSM1551432,Cancer,8.84598103811719
SPINK7,GSM1551432,Cancer,6.24799283186719
MAL,GSM1551432,Cancer,4.68335869277344
CDKN2A,GSM1551432,Cancer,11.1584516926563
CRNN,GSM1551433,Cancer,1.52096458340625
CRISP3,GSM1551433,Cancer,3.37815566553125
TMPRSS11B,GSM1551433,Cancer,2.73117484674219
SPINK7,GSM1551433,Cancer,2.34746678010938
MAL,GSM1551433,Cancer,9.82244872035938
CDKN2A,GSM1551433,Cancer,10.1989635725391
CRNN,GSM1551434,Cancer,1.52613344465625
CRISP3,GSM1551434,Cancer,3.53488042799219
TMPRSS11B,GSM1551434,Cancer,4.27292436401563
SPINK7,GSM1551434,Cancer,2.34715064235156
MAL,GSM1551434,Cancer,3.79215062171875
CDKN2A,GSM1551434,Cancer,12.0980639315625
CRNN,GSM1551435,Cancer,1.52220669532813
CRISP3,GSM1551435,Cancer,10.1382738252031
TMPRSS11B,GSM1551435,Cancer,2.84879314824219
SPINK7,GSM1551435,Cancer,2.30605486990625
MAL,GSM1551435,Cancer,6.80205876623438
CDKN2A,GSM1551435,Cancer,11.5924110427344
CRNN,GSM1551436,Cancer,1.54793204878125
CRISP3,GSM1551436,Cancer,3.47910377167188
TMPRSS11B,GSM1551436,Cancer,3.03730095886719
SPINK7,GSM1551436,Cancer,2.3475178351875
MAL,GSM1551436,Cancer,6.35975499067969
CDKN2A,GSM1551436,Cancer,11.7380512734375
CRNN,GSM1551437,Cancer,4.2442962286875
CRISP3,GSM1551437,Cancer,6.90304848655469
TMPRSS11B,GSM1551437,Cancer,3.96112228272656
SPINK7,GSM1551437,Cancer,2.71993113049219
MAL,GSM1551437,Cancer,8.13597680517969
CDKN2A,GSM1551437,Cancer,12.0543448964844
CRNN,GSM1551438,Cancer,1.52490475520312
CRISP3,GSM1551438,Cancer,3.56569408451562
TMPRSS11B,GSM1551438,Cancer,3.23605870705469
SPINK7,GSM1551438,Cancer,1.98497232379688
MAL,GSM1551438,Cancer,12.6399923559375
CDKN2A,GSM1551438,Cancer,11.7488010728906
