"","s1","s2","s3","s4","s5","s6","s7","s8","s9","s10","s11","s12","s13","s14","s15","s16","s17","s18","s19","s20","s21","s22","s23","s24"
"gene1",11.1163154503215,12.6598641553588,11.3805034181827,10.8434363344123,12.2940220347163,11.0782946881918,11.083353621164,12.8315717849415,11.249162675353,10.4551197255178,12.7640829988167,11.1978653506882,10.3238883531455,13.0124313140889,11.3170867846793,10.4065487180432,12.7107881466155,11.4132410856281,10.6966857300689,12.8330520080247,11.1208161653217,10.2530592112621,12.6391093268666,11.202863887999
"gene2",10.9470685809108,8.56027115278621,11.3702998352448,10.2178485086707,8.8636389238679,10.6626904900221,9.59547674934249,7.96136539963402,10.5031179072296,9.75204911279737,8.41886446690709,10.4281876839932,9.47682400921677,9.37589105078872,11.2395238111318,9.31451284875491,8.47032529800409,10.2066565098581,9.94843478444931,8.9551716905865,10.9866138808827,10.0709413635609,9.07250555361963,10.868821649247
"gene3",9.4523905706932,8.03753519583207,8.93832528063433,10.4891469224099,8.4021861786,8.01441767453768,9.43755044962836,7.03652060840061,8.45976641972673,10.1820567749539,7.62599338594879,8.92802970817739,9.66732122584476,6.94815307045412,8.8340661006654,9.59164220489249,7.65036685365495,8.39700870192653,9.76583639709466,7.55507562176195,9.36358656639501,9.69938802173875,7.21257199771583,8.77353001040583
"gene4",12.5550353620349,11.8323077058171,11.4750348325461,13.9423891933018,10.6079037026459,11.093560329592,13.4947612153365,11.1642524085591,11.8030300634574,14.0523380291416,11.1981883089259,11.1458101978133,14.0664143680203,10.7849188809491,11.9731454797117,13.2628795430467,11.185166427915,11.5067569100251,13.5971765845,11.9659177185228,11.153327543616,12.7742865458284,11.2967557584919,11.6971990759957
"gene5",13.409375492009,11.2547705351568,13.9754120307767,12.0896571761577,12.5014628759033,12.960217375901,12.122822894863,11.0467269089748,13.2737488115213,11.3563554457821,10.3011824676233,13.311463187418,13.0283078958762,10.5504925684617,13.7332163069688,11.6210503065593,11.1189500966255,14.008676526513,12.213919595851,10.7054034498508,13.4769349424891,11.9903276099906,10.4097591637867,13.5290623867277
"gene6",10.0474022235846,7.25949668022054,10.3453795932434,9.9111141804975,8.21964255771114,10.6590735534349,11.3403897547039,8.49438305220131,10.7047644783876,9.8861596245927,7.85637268139899,10.3779280736003,9.78409444154193,7.46490006239328,11.0057506594914,9.73521639862103,7.03936394699816,9.97379216416746,10.4552318964223,7.82399420209495,10.6575437334899,9.71344547167141,7.6238228349998,10.5270767702807
"gene7",14.0955555307385,12.5728045141735,12.9231471668293,14.5087378310798,14.2795537224341,12.4716635873094,15.0046770709738,13.5424497210549,13.3621157678415,14.9865591573552,12.7214455809925,13.333155126298,16.7033702007862,12.564268820101,13.2438378942952,15.8547235720163,13.7334984688581,14.0957194229889,15.0461621702755,13.277867065816,12.9194720102728,15.223137918252,13.3116870742155,13.0381513008282
"gene8",12.002657146832,15.5228315780527,12.8344367299764,12.5070798521379,17.4071014378601,13.4921167462092,11.3352059430017,15.0466822600169,12.2952345235062,12.8886195186823,15.7780226861328,14.2201187441754,11.2488929335162,14.631604029954,13.776908822468,13.1201518585851,16.6856700998885,14.2000022515796,11.4988468768586,14.7410994277523,12.7048218088908,11.4237167606829,15.0506133610781,13.253138712123
"gene9",12.4005642024667,11.7252680816583,12.8273190923255,13.1034494099591,11.7160546306112,12.8013976801378,12.1878936164634,11.5380949139666,13.7599067961466,11.2779710568402,11.0521121149794,14.1063542018018,12.5813551893447,11.094018190078,13.3097566760284,12.7993136543383,11.8051784177874,13.3596644828838,12.908613716015,11.4535788008694,13.9415725460625,12.5232415257334,11.3041193730193,14.1251909858371
"gene10",10.365553440633,10.2095748720638,11.6085994114938,10.8085388889679,9.46805130877841,12.1885665869524,11.561260011885,9.78499577188975,11.9355928716183,11.6241309331391,9.89173756259205,11.9272904278165,10.6304168830711,9.63082577506721,12.2059079858261,11.1708830968813,9.38559014485767,11.2539201705852,11.0479535497848,9.9938479100785,11.4395029044173,11.1973737498018,9.3942808366496,12.4055997871246
"gene11",15.7632000349275,12.8854282642967,15.6248633525737,14.0861151793471,13.7347172779603,14.5277468957287,14.0338911193201,13.2228644942302,14.741902386645,14.1931904085855,12.2403036420093,15.0288335593699,15.0503279052673,12.2754973498979,15.0372547704789,14.8830969483055,13.5976264494463,16.048482906321,14.4209782856733,12.5707205895387,15.0722123605646,13.9585891922338,12.7067894748767,15.0807878414157
"gene12",11.1445544998246,9.09304565834828,10.0620010726911,11.1244991187261,8.60308363045805,9.56572019331526,11.7517900583214,9.41024037930872,10.3425724459594,10.8451874608549,9.30894607427774,9.92995671746972,10.9921801408341,8.96479563595093,10.1871702655555,12.4987101422403,9.2790108172476,10.2905395262955,11.2067169062753,8.95878023831589,9.77919496067019,11.8682380741237,8.63454224713066,9.87180583713471
"gene13",13.3365811222864,14.8825710977541,13.4934934399308,13.5529943446796,15.8052575673052,12.9801635091841,12.8165845902118,15.8772902507308,12.7514934814172,12.6608808643793,14.3849380900184,12.7893091165116,12.4591285081237,15.6657645965857,12.9341709524612,13.1759786482602,15.5635460983737,13.2515824915374,13.1152535601619,15.5963886049097,12.6321556802922,12.8708242692742,15.4537304301632,12.996198010768
"gene14",11.1340295247416,13.1021441275407,9.84977210484458,11.0780430684209,12.6244072403263,9.55018254293154,10.945576766415,12.613590079248,9.88383984350458,10.5380887084818,12.733199494757,9.2960135510459,9.79964093916858,11.7263610505805,9.74552606195766,10.8414563027478,12.983309542327,10.1426850460355,10.7284478701011,11.5283367177894,9.8642426604045,10.4552742315574,12.0651286181845,9.2600643716477
"gene15",11.8630544424927,14.4662086748253,12.6970704944954,12.7111163486937,14.2006828288389,12.822030772033,13.6425378237982,15.2326911778272,12.9655163441896,13.0171019445837,14.5030863729059,11.8621099702856,12.7395471770267,15.5033492079531,13.7315942341825,12.0971929466264,13.840676465677,12.3723865413339,12.8867652055601,15.5547837888644,12.2737792412787,13.7651144862203,15.0580094406189,12.0465766103845
"gene16",9.10401969529348,8.07522034085883,10.4057037500926,8.17743362077361,7.83301544129492,10.6432945224125,8.25870150895742,8.67175724781358,11.3315597553625,8.69292273115159,8.26079176961579,10.9852483162449,8.76473876003224,7.95427216799458,10.1906091113307,8.00611822186813,8.38994440908092,11.0246859793592,8.6396255843365,8.47017579675514,10.6885903921699,9.17750632936588,8.67599935227659,11.8688838165505
"gene17",13.7334661568113,11.4235948516785,14.6469336800827,13.861348919618,11.5851616704667,13.6208752035974,14.6628231767517,12.0771552175098,14.0655669021084,13.8852929206112,12.2348019333604,13.0094349689195,14.1586608709126,12.4149825206899,14.6537637314422,14.205836838736,11.8571232180939,13.6488653525229,14.4785055765624,12.2648638302614,13.6318299679791,14.8129047765609,12.5340568441996,14.3522894458843
"gene18",13.6361333881355,11.0541341488028,13.3370268434862,12.1140773139075,9.67075597056317,12.0412076981659,11.723303238633,10.285235036572,12.2793332934444,11.7010972619612,10.9094313596728,12.3238276460142,11.4532282257196,9.8453717173293,12.5874169806856,11.8342341290989,10.8846214424792,12.6922322641146,11.6599812381185,10.0078496195601,12.482063867395,12.2376049980112,9.79111054030482,12.6161096424814
"gene19",8.84650018467455,7.00016385812759,7.58171426945824,9.34823042476507,6.29756634008336,7.69457459294861,8.7620777041896,7.0790961974005,7.38582674026026,9.66403535862462,7.21785957781884,7.66284875279319,8.61358113905232,6.56894629948458,6.76253366308102,8.21653506199976,7.3439625317531,7.6381438656094,9.2348123054417,6.87289716659793,8.2392307996126,9.18649285264413,6.38023858224833,7.0981464810201
"gene20",12.4435329454542,10.1323542884345,11.6539252608932,11.8230128263949,10.5549049194533,11.6710246588872,12.4173825901751,9.71473328422106,11.1695858196683,12.1284911377314,9.51233196611656,10.4252792111576,12.7895227961235,9.45267665485895,11.9459340889356,13.3070737176056,10.070119718582,11.1417785681943,12.1212517080634,10.3142615413663,10.8304102011706,13.432064113147,9.84662754228515,11.1242040731247
"gene21",11.4603717950482,16.9109461234501,10.6019818697187,12.4519267111376,14.8912272007546,12.0885863453572,12.5708117332761,15.8364814997978,10.630692062301,11.2745559843837,14.8872041519732,11.7893276311621,10.9785851683765,15.2981325478461,11.5410448880762,12.4719141112071,16.2638591330072,12.7345650350854,12.122784688045,15.3488160413996,11.685058766842,11.5369572095454,15.1180988180601,11.4780053935958
"gene22",11.1653768630138,10.7958447707442,12.9100379146016,10.1940103200657,9.73440076326167,12.2706542581836,10.9120234874582,9.60004028128934,12.3112146764686,10.4602162164014,10.021561097415,11.7830933890645,11.092853617992,10.0159279277944,12.7826253799408,11.4308385996661,10.024548473635,13.1683912942038,11.511073080971,10.4447950871699,12.1914776957382,11.4841834505882,9.80985458889329,12.478301063225
"gene23",11.377731600527,10.3886145550006,12.8509624279913,10.3824528102231,10.7976927814604,11.0971288912843,11.5092748382351,9.88436227827627,11.4879225918817,10.2169645394096,10.052270337917,12.5246940631284,11.4187032371376,9.78937445894639,12.0780603921672,11.9163505556779,9.75975949565444,12.6716287094821,11.5960817203777,8.9551716905865,11.7974535872948,12.1284675478529,9.4773987678918,12.27074491331
"gene24",10.024791573504,12.0164036179282,10.653378971882,9.23597709908422,11.9312156904072,11.3918721807538,9.40328407741586,11.1233087738538,10.4790683177169,8.54377253402826,11.7635860001631,10.6336572976475,8.84273290056629,11.975781081964,9.85360023866759,8.55641103763898,11.8681302077822,10.4009568065055,9.36900869578119,11.5155305931626,10.5501993630625,8.72299052393104,11.534440702573,10.5398411197071
"gene25",12.5204342267034,9.33359795849829,11.0922740021248,13.7578073559248,11.1626416432032,11.6130065998558,14.792473044139,10.5602935809813,12.6138825967607,14.0781836980462,10.6027595539539,12.2059102580429,14.0304845904664,10.8080663294519,11.7483432642906,14.3933059989928,10.9991944501387,12.2664526462735,13.9958545622557,10.822919450531,12.3765667200361,14.0808023209598,10.9500182669608,12.0324030803697
"gene26",12.9434895544695,15.1873580864054,13.4477079092417,11.2308315669754,13.5803684741861,12.7871083345131,12.1621432479743,14.4603557339194,13.2790463233546,11.7358983478984,13.9794541975273,13.2532016187416,12.2840854611582,14.3501876220687,13.5599171974249,12.3756361689809,14.6719527118926,13.7125480088404,11.5096676415109,13.8819432494718,12.8315426263546,12.3521014706312,14.0825030046717,13.4191026259292
"gene27",10.8215093565374,9.20564270759734,11.9495364036936,10.8997859936747,8.80925785359539,12.783790596772,9.35030839590235,8.00617899025083,11.0379820776748,9.27455984502682,8.7137339181391,11.3172004670736,9.5489409569821,7.93145592783405,12.0603128884979,9.64368905481495,9.13204926471967,13.0790250543243,9.78610102643009,8.13592693240237,11.9051521523705,9.32924756703345,7.92447942520377,11.6440796416971
"gene28",13.0218873646892,11.5164104539198,13.3729104500753,12.454123621674,11.7175317957751,12.9909934865957,13.0135977309464,11.5551595536664,14.5275134960683,12.0889560852431,11.1379875028465,14.0263204624816,12.378909624703,11.3676847071036,14.2351157191984,12.5566243067062,11.3791422764526,13.3100747302144,12.6288114280652,11.3412581248934,13.6927916454321,13.0684873639475,11.3917452784714,14.467323211855
"gene29",12.5552983342311,13.8502587766695,10.796757562967,13.1278357475146,14.1717888369378,11.088190881678,13.2268210576193,13.998873688173,11.632621745765,13.2404221268915,13.6771939481035,11.3786315741745,12.9296251722099,13.6856647058232,11.7135075529144,13.3816467407271,14.8006651797315,11.832190389939,12.2038156883032,12.6316137249955,10.7044294129674,12.5937557405029,13.3164284508922,11.8688838165505
"gene30",11.3064085190072,13.6767876763326,12.1647804646779,9.74878758337813,12.8566465014721,11.2143105872396,11.0441787169597,13.1502703098796,11.206943159956,10.7466214655496,12.8361838259709,11.4865095257886,10.4497830499387,13.0010628755957,11.1931325169985,11.8647892040297,13.6028685841339,11.9961694201262,10.6734430439043,11.7897203206396,11.4951969305571,10.7364479724715,12.3151947033285,11.2418441878717
"gene31",12.6952711581289,14.6901175503274,12.2052762179384,11.1110369720807,14.3627773152262,12.223271090955,10.5753237558273,13.0583968973972,11.7582123615369,10.9770988471653,13.8552383930913,11.9102295511186,10.7085513499207,12.4050108285353,12.4948305523797,11.910246737971,13.3504238369155,12.8552874433339,10.8948759522107,12.4214760551929,11.9036828640516,11.157940582076,12.8766766215676,12.1529796269982
"gene32",11.1473482401454,9.42034139385667,11.2826563134966,12.9107857582385,8.8778008882295,11.4826590081483,11.5914664039262,9.7828510863793,11.6406742625274,12.1664047665407,9.99762842565975,12.4586643004425,12.4818393608364,9.2370363168743,12.4173313704982,11.799545984068,9.45594314416431,11.9931068975713,12.0232057877722,9.31750064577977,11.8241060626214,11.7629106712416,8.71408878259773,11.9670222080794
"gene33",12.1856951079449,12.2064244012233,10.4793782498176,13.452185851889,10.7685368081865,10.889528427578,12.5251633451551,12.1919191574737,10.3573067571462,13.2699436389578,11.625655490677,9.9664280547291,14.3955059563046,11.9285560390094,9.6588020076777,14.4205712326644,12.8059480994165,11.3583668492261,14.1083814117816,12.6386611687472,10.8700722913093,14.1623472307435,12.1937901396066,9.5279027218193
"gene34",9.8316275214785,8.55027058027266,10.4186776724781,9.61380707981478,8.34726434832121,11.306592194668,9.33220854975134,8.74849524897914,10.663468858035,9.21550537840455,8.93148749944864,10.5745044713287,9.64217939267832,8.69365091628081,11.7152993055932,9.53263684953924,9.31352566142074,10.8785568517167,9.35446777921639,9.17275589068363,10.7078009826822,9.72428512426034,8.89857367186954,10.7368980207066
"gene35",10.2165609705819,10.8687411826902,12.1446188799188,11.8991646810318,10.1491990806254,12.3841818065569,10.9582768964029,10.4155326247237,11.821566512379,10.9588833454502,10.513402152738,12.1422433151251,11.5037934928811,10.1651798393424,12.7564699322821,11.9766241544349,10.2950050760258,13.3558945369319,11.4552203013759,10.7612306801051,12.8736777201144,10.9085667919725,10.4097591637867,12.6091387868974
"gene36",10.6597179121474,13.1680696412822,11.4754488044415,8.83867491256927,12.079500861123,9.71717843296582,8.98034825412361,12.8770172731856,10.0586983565705,10.2510475814541,13.0655596158948,9.67961457245437,10.1349515350081,13.8881959362733,10.900490764393,9.37920741807912,12.4844168296131,10.7878046032582,9.36900869578119,12.8612823273302,9.78346203486556,9.84838003374777,13.2119651594922,10.6085611813462
"gene37",13.1370481901551,11.3686956928518,13.1681764786753,12.8347794627756,11.3852928764544,13.0161873215102,12.3671557557536,11.0511888028001,13.4310594048059,12.2535812155786,10.1606942327814,14.0845130750538,13.2176366935755,10.2351649779822,13.7161674624649,13.2740556524432,11.3567916386795,13.7630136390909,12.9516875317147,10.3627342800747,13.5724999089311,12.8548830518846,10.6018538351373,13.6996596592887
"gene38",10.3619500350575,8.78442485576607,12.3185149320971,9.78114786720749,7.77366112547725,10.9656821467481,9.87808393181875,8.65778113238374,10.9996763921639,10.906553434738,8.33906476261163,11.0318829128256,11.8575215053497,8.3594692703232,11.8327467273901,11.3275900298065,9.06835070362829,12.5852924888078,10.5702580177359,8.94064655613634,11.5656419515616,10.81605316192,8.28455831802795,11.1748112600105
"gene39",10.5552548448816,14.1850473036615,10.3298960251271,11.3914234953966,12.5317263907058,10.7354793872098,11.6290182457797,13.1750127737668,9.97710008949076,9.83998580766918,13.1767191701835,9.69901040705077,10.8744824426536,13.2854260027786,9.68097663901077,11.1535813767971,13.6629384357825,10.4086390425824,10.953252081946,12.84650596116,10.0314345677523,10.5233528078748,13.0454425459555,9.87025177391837
"gene40",9.63067315656942,12.7825777837339,9.95444998949519,8.6500558415543,12.8176921301105,10.4006471567683,8.97369157801439,14.3078976783209,11.4310216640964,9.62000099805208,12.9179079241886,10.6235425229847,9.21289975018403,13.6920416072407,10.6197209838709,9.32421063051245,13.7643230343253,10.5598016162275,9.79535878396209,12.6733910622456,10.6645009599367,9.15250080074479,12.963060843993,10.4132291152542
"gene41",11.5835787114899,13.6269079604424,11.9050538892381,10.9495749830292,13.1065309823025,11.4481450700819,10.6260838679866,13.396143400307,11.0657593086768,11.1636160613424,12.6538519864036,11.3642767697492,10.9563184028633,13.2891697593613,12.0375783408493,11.5463732676643,14.0426343791513,11.5128284633545,9.91909143974055,12.7573728793179,10.6150807376997,9.94421496797186,13.0651879379346,11.3814853617459
"gene42",9.51213273142016,10.2544087668837,11.9807819670597,9.54244556180823,9.5027336836925,11.5545053920218,10.4125894537853,9.16553042605341,12.1748011081352,9.65759595306301,10.7466638676842,11.6855874178669,10.5259816584425,9.44195434328711,12.6323637848403,10.5881586908616,9.43867390943681,13.3411169627628,9.90633068899254,9.39944725012683,12.1878606094897,11.1126925444225,9.34943142339371,12.1025799675111
"gene43",10.477463298162,13.1568544106813,9.01778132426552,11.2889533431965,12.5766420746556,9.80489835395939,9.8940360100878,12.948839836076,9.59816384131638,10.0947810816429,12.7459638961149,9.41221035018015,9.74116762185956,12.6014803967213,10.7698020007833,10.5555969753272,13.6052890628813,9.81982739132864,10.6709304011078,12.2685030447245,8.84027017189915,10.2195233959341,12.9281009807798,9.17702059036625
"gene44",11.4931350757948,8.79010155398193,10.1682463625191,10.8153909403922,9.01546835841711,9.2757065327872,10.7885061463301,7.99139526730401,9.45572608264777,11.2056038588195,9.64150171875251,10.4976729660778,11.3389575200361,8.57107617646327,9.90892691443612,11.4362145483455,9.20331603696593,9.76102802799989,10.7752071966435,8.9551716905865,9.98587389345004,9.67724492874438,8.81237988920417,10.1273555741659
"gene45",12.179225784063,14.6314458097167,11.5664740182202,12.5277893969958,13.759069184118,11.3355825954064,12.2054006831358,14.7478375263313,11.1889346409229,11.9534156075872,13.9089072997853,10.5745044713287,11.5466971824316,14.2824042874023,10.6184448935174,13.2046125456603,15.0257680667426,12.2261546939568,11.8403783358312,14.7355882701784,10.9856883057595,10.5028148111681,13.9116573943315,10.888147131831
"gene46",11.605076638651,10.3867424984427,12.1505933102747,10.5770167703365,9.14699447742515,10.8698448907056,10.7789925647437,9.4486280270131,11.2449430691537,10.918384847733,9.15433888130854,11.3771272506217,9.90316759593689,9.44732546034922,11.7524210467312,11.3188854817467,10.0509275426532,11.960812978436,10.528306264912,9.38073850100032,11.3517105498374,9.93890686062589,9.05864074015028,11.8350276477308
"gene47",11.1777275372667,12.8476495389441,12.6712834400061,10.3638773250961,13.0350748107219,12.0641801709062,10.2731728797018,13.6774417356295,12.205254325469,10.2381583297317,13.403287184189,11.8738912241155,10.8036849542307,13.1654937045031,12.6145527450149,11.1288943343113,12.6981446175923,11.9186621082033,10.3249162954337,12.7299185690073,11.8502750756435,9.64174707323896,13.0935117942994,12.5747246505503
"gene48",13.2932509512653,12.5533259729686,11.9483439723941,14.4186415633665,14.0128393671198,12.24273374219,14.0927669474915,12.9315191671531,12.3270197610649,14.8056653475739,12.4189975577012,11.4724894987502,14.4834574745831,12.0814609289732,11.1451997589639,13.8078636787685,13.1746060854802,12.1804419460627,12.6853034516146,12.0264904786472,11.6017310609307,14.0955623068077,12.6705002559157,10.9260383981246
"gene49",12.636830928849,10.4722042569209,13.055295165258,14.0085867415323,11.5502185484683,11.7519190387525,13.0567531496283,10.8801703342249,12.266641012922,13.4179547762556,10.0682673407598,12.1659589115352,13.0969953681821,10.3840272212014,11.6851422919871,13.1526279611648,11.4179924239831,12.9241703396646,12.2841030813829,10.5248747501974,12.4190101507383,12.9240122032053,9.91170268748227,12.0862737967401
"gene50",10.10458332499,11.1360950724341,10.7927768082327,11.1610772387149,12.9120994964751,11.611135899454,10.5498173911618,11.6652044972853,11.3120278730193,10.037657370342,12.2740304083447,11.1163584924393,9.92667990203119,12.2739867571172,11.4706575681706,9.7852240994278,12.4553023828717,10.1232072452136,9.87173968621764,12.8120095681072,10.6840328333645,9.45356709409991,12.4332283686172,10.8973322093666
"gene51",10.8500851786896,13.614963649799,11.3689635969175,10.4137504212239,12.5361977054937,10.4078490050271,10.4751962210801,13.292545601351,10.430661081127,11.4672883798492,12.8330662697397,11.1333888875184,11.3711418450105,13.5945064107899,10.6197209838709,10.2555934528612,13.6192483174874,11.5003002332904,10.0159876450556,12.8901524336175,10.650552793944,9.97565990205548,12.5389023282935,10.4025173537568
"gene52",12.6033959633303,10.2615772278646,11.3822706110497,12.3252918184369,10.1211987892001,9.86474182819557,13.2243697171248,10.007025626539,10.7868756814686,12.7948188519018,9.55079414479501,10.3054360303915,12.65673007127,9.99407420370817,10.9611448136932,13.0027752949246,10.4709494965214,10.8741245509271,12.8594407072407,10.5597472739143,10.0060980700127,11.936745142859,9.94505694151646,10.2531208093104
"gene53",10.983481993843,8.90442607920561,11.2683933033531,9.51625063472431,8.74117344386908,11.1650076621465,10.7799467509739,8.45720889103756,10.6807541592898,9.31808232837982,7.37475092244444,10.2847247798716,10.2358757952323,8.58088373752764,11.4812265021958,10.1050912312422,9.34167037555772,11.3924712847087,9.95395695388362,8.4446675061849,10.3518549287302,10.1245277375761,8.12739451937105,10.9760236675123
"gene54",9.34210142244691,7.73018304652294,11.0879488981294,8.5170753064497,8.51068040061315,10.5655711107237,9.03572319074306,8.1462369513547,11.3910060123931,8.96606953080741,8.77566699218731,11.6946740878754,9.49153868296982,8.47967199524204,11.6978851022646,8.7269482407091,7.6139033951609,11.0641337043603,8.89348379044349,9.06304151325365,11.7502744893611,9.11768846899249,8.59426321174204,11.8080894656594
"gene55",10.1074554762853,12.6650865534274,11.0611709027122,8.75153456204004,11.9631137171088,10.0584030410667,9.51064844325861,12.3216805403034,10.4646252036124,9.36725276791114,11.6178267759831,10.1885165083821,10.0693160811183,12.3970529430507,11.265028912498,9.44112495686941,12.0128447588382,10.4276675466269,9.85412811229903,12.8323145351222,9.8541354573465,10.0440009834095,12.4851712824208,11.2656826530292
"gene56",13.8122658694854,14.1213187023006,11.4453349917126,15.3937045127416,14.7570657501991,11.9174910485462,16.064109290952,16.0086694681595,13.7044215615188,16.0893935298131,15.5955902285793,12.0456482175152,15.6631541577985,16.0119933425259,12.6196640907262,14.8091445752817,14.4131373971886,11.4494426315466,15.7845162115734,15.7977204007056,12.5038852913142,15.3089639011772,15.6145142557462,11.5732546567677
"gene57",12.4203329834614,10.8727592831794,12.6291151782501,12.5631127400807,11.4195788638307,12.0244380414521,12.6080922901806,10.9040469108144,12.2580297911308,12.6512910231821,10.2381576770525,11.942627159423,13.3425284741655,9.90709375145648,12.2674490658355,13.70704581993,10.9597876096608,12.4492620962181,13.0867892157217,11.1206276826125,12.2251990886973,13.0094175062287,10.8998690706136,12.711190311453
"gene58",11.2188133282181,10.0377017863453,11.6655819723294,12.6209667870105,10.2961592441428,11.7000618417732,11.3254358052136,9.86218774808976,12.0626985828287,12.1134245991967,10.0875813715894,12.1149760083061,12.8995987822995,9.45000353868169,12.3071967926959,12.6428484725878,10.0588611477585,12.4889365656086,12.6660867994378,10.6595756541456,12.2169409424968,12.1397893086636,9.71911910724478,12.0962790247195
"gene59",9.18510600527803,8.09828324106959,10.1986519199679,9.6602180431453,8.3319155302524,10.7297435512215,9.41069569761999,8.62463381604723,10.2984628438249,9.21001496296256,7.65453172069155,10.6721956251013,10.3130963205033,7.39989873788635,10.2626283557735,8.67332424830577,8.49726611447571,11.549425892862,9.14593372145149,7.7838702615269,10.8355564360137,8.84719312172959,7.27985365450569,10.3797603940788
"gene60",10.2192188228828,11.7812062173793,8.81290322424281,9.32097526797173,11.1481091652003,10.2176887235891,8.50940307391408,11.444866246441,9.15653875056595,8.72715102908089,11.5743037851433,9.00016743126318,10.0123732032731,11.5714222559556,9.70762412117904,9.82947640657328,11.700035421095,8.61189811054426,9.94150221512815,12.1047122986948,8.82379127120261,9.0747735640061,11.7733545567867,9.64340472375064
"gene61",10.2942407079329,10.3886145550006,12.1681135049327,9.01569611161096,11.8998981025279,12.0031980798578,8.73477953480621,9.92577178044916,11.9550968454398,9.05082219986671,10.0160733064188,12.0503751684155,9.75718105627227,9.76161741196035,12.3233425943241,9.67282512368691,10.1760391875504,11.901069598034,8.97992907035001,10.5478172443476,12.0796819918357,9.28809323608277,9.93275805668551,12.2993207578192
"gene62",9.54428406612951,9.71556280436241,7.60611737040818,8.64566863680821,11.012685025735,8.45913912655143,9.74564424927616,9.57794588391926,8.23142153037984,10.3457153406661,9.79465068715916,7.90757128062927,9.69399113367861,10.9491513564254,7.12083944980999,10.4237904740244,10.0164233765673,7.95594071775765,10.2684189705844,10.4253654962106,7.93611656218556,10.5984981837959,10.742913695578,7.0981464810201
"gene63",10.0049048763102,8.12996415050458,9.09092904873871,9.42191438786525,8.16294407253507,8.68460991246338,9.91503472480966,7.8428342286897,7.75570077845028,10.5115543466804,8.44087647427539,8.68706604507462,9.37428586114814,7.30840678143324,9.02337903900961,10.7523183433106,8.44633218039432,8.03351296351989,10.5310797491134,7.56458028405354,8.62889241825473,9.43671873485724,7.64253379214995,7.98884840352379
"gene64",9.33231388712417,12.2498107305479,10.3234718207396,8.73510943346127,10.4271180410574,10.3919572130133,9.13452168868502,11.4077696203756,10.430661081127,9.00082472980055,11.6244538346816,11.0480443800797,9.13717898050279,11.1804126046033,10.3922299171607,9.15194708228445,11.7108653532319,11.2776063265911,9.11914957269026,11.344020183136,10.7563662600487,7.91135462784719,11.4476713329933,10.8213561219736
"gene65",8.4894245462412,11.2408477662477,8.54277372250949,9.31546189873971,10.4474381470523,8.58646664117958,8.46262747625489,11.1342851182085,8.17043085545113,8.47768245349605,10.4346909325999,7.899210412207,8.91000068863662,10.8431247596944,8.59029964165459,9.28898922630716,10.9867722782898,8.41847529790123,8.47654400597243,10.8308175922334,8.03248503433298,8.88908133594823,10.7882524901856,8.7193165729467
"gene66",10.6606959370642,8.06120352220519,10.3651735979758,10.6445315939326,8.48315469891233,11.2572073221983,11.4005644836042,8.65309217619448,11.3429558066575,10.7613358790359,8.38520361009126,11.2156498098391,11.1456908354409,8.0206324596364,11.374908409421,10.7357008684192,7.82534563326925,10.7789408804872,11.0805037746745,9.0048880234392,11.0267622668279,11.0145522862736,8.314036186252,11.4133146911569
"gene67",12.8397948660907,12.2839059694126,14.4403839124474,14.1621867436672,12.3430141974488,14.1503946718405,12.8800328150846,11.9201449638467,14.1613131396244,13.5457146287935,11.4671098504338,15.0875594232404,14.0229075721063,11.0514476939837,14.3417107787026,13.6669288045776,12.4382427453888,15.9517948367248,12.9891488539365,11.0589226234787,14.9948007415483,13.2129182333303,11.1364626503328,14.9727411095925
"gene68",11.7421361440053,13.9218957199724,12.2449090781842,11.680173721442,13.5055308565923,11.4355151136417,11.3076810703309,14.4842283421696,11.4156177057406,12.3374263439269,14.2766587890727,12.4989895128817,11.4815700439372,14.4186931905081,12.4492630674377,10.3209865477849,13.2678831138871,10.4642507570955,10.830289569352,13.6670210442061,11.0312546846314,11.247076537949,14.0331179530873,11.3292773285466
"gene69",13.4814428713027,14.6983953863315,12.6801100356901,14.2319801531195,15.0256410252418,13.1849830677362,12.5455053544159,15.9987997203697,12.8847617834748,13.2515552544982,15.5981175661824,13.5385435896477,13.3023281428466,15.9413069422742,12.7245036210159,13.5028431387173,14.9507769622581,12.8596377871448,12.8769878987789,15.2592441298783,13.0028062960806,12.6357799540533,15.6436844956856,13.1853915359426
"gene70",11.1639980163646,9.34713920923178,11.6612217352875,13.0659765449837,10.1579295542725,11.6217046046727,12.6986732142961,9.282480351407,12.3339890452101,12.523219834988,8.87601871405501,12.2870521233714,13.9225371796236,8.25307992253181,12.5776005988226,13.1984302172815,9.36562607536901,12.1218284102442,12.8577846630505,9.05294799020759,12.2326302298862,12.513901024804,8.77258981491058,12.1472163198893
"gene71",10.3005291073826,9.28215886676164,10.3179424992406,12.138871574259,8.62843280116483,9.78290949188063,10.455026028592,8.41905143175476,9.23735032725644,11.6559773449439,8.30346568385578,8.48959681918738,11.0560145939983,8.15143932247359,9.39529906732738,11.6103894716873,9.21756153280027,9.80243783594274,11.7476421929584,8.68583598241715,9.5226410447356,10.3290812348685,7.97702495354707,9.31364729853752
"gene72",12.6028872208666,13.7400172153682,11.7972521065145,12.3149680045772,12.8662229392024,11.4840225383043,12.4561030842284,13.8568728490789,11.0171017818243,11.0578658631536,13.7577700551514,10.9793115544457,11.6577465725481,13.6885023646426,10.9910347519315,11.4606011857222,13.3967669532761,11.5466434314786,11.7638456487155,13.0614598457633,10.6329257837619,11.4846388945287,13.1051512283416,10.9846675899484
"gene73",12.8001802195827,8.66593153241539,13.3188023732633,11.6137832565142,8.96661268348583,12.110822336317,12.0424046566685,8.38552202490806,12.2284145320003,11.0572544666011,8.60583491005814,12.3905856908705,12.0347075949905,9.46861216745251,12.7840488412259,12.3141883481117,10.0291709233275,12.1712133046496,11.7563593504881,8.79079073119765,12.3196753170391,12.2059151628428,8.91790162790413,12.9141113220417
"gene74",5.61175458408106,8.21260495463772,5.86747924466658,4.62872963779446,6.9480471283167,6.0536670895432,5.19075656801082,7.38084052944748,5.7646807369861,5.10519698377655,7.39744230792453,6.11759098356207,4.92275950998225,7.64398462793178,6.25870574592763,5.00020092819969,7.79309430622285,5.65736818580042,4.67361841021537,7.30587264053443,5.59609467887186,4.55968812301471,7.74131862092151,6.13794262136521
"gene75",10.8241306740914,8.24189652036673,11.2384618684758,11.2655560373614,7.77366112547725,11.6894629117668,10.2650179150353,7.39214089335625,11.6318140165411,11.3211374467649,8.26696587368821,11.9055413545143,10.0217612254832,7.95427216799458,11.5165925310306,11.2564371848334,8.78924673627044,11.6909680471562,10.351310573185,8.14862151389852,11.8548442621705,11.6798336352477,7.15508897700889,11.5443114197834
"gene76",8.94933158176154,12.5697138171575,9.98151593682719,8.54561233512828,12.4977423709436,10.8593762495545,8.55916292181915,12.8434539918006,10.2655142899722,8.48315535469445,12.6913479939184,10.4179822723863,8.68031113805696,13.1391844628867,10.3952135952575,9.26703392087101,12.2966153582305,10.0075717165956,9.14351924318081,13.3898636149272,10.4530943887447,7.90047248505078,13.1494640600924,10.3808522375205
"gene77",9.31998534563483,12.0188230822275,10.6453069273974,10.9593298595574,13.0237758144352,11.3370923875652,10.1980635671814,12.1168587497872,10.8836889960059,10.5654343303971,12.8725722894372,10.3382770159304,9.97902552216133,12.5368190377239,10.712347295563,11.0381193641102,11.6818028904336,10.1898134457928,9.83928576702681,12.3940852477826,10.5799415775977,10.8447192917922,12.3913215351087,10.9372143983768
"gene78",12.3879220865534,16.0721521187871,14.1758061255039,11.2826097988177,14.5126745944016,12.50394669435,11.1237494354416,15.2715927449989,12.8606613984879,10.8617386001248,14.2939570659832,12.8655832498488,11.2321409805954,14.8131368670715,12.75617985938,12.3411854190967,15.9146891226835,13.9996762794287,10.8811738352277,15.0642933451556,12.963857299691,10.687437260595,14.3699746001745,12.6140219201344
"gene79",11.9564131148941,9.60718890820283,11.2168370614677,11.8931627715299,10.1167275869973,9.62871735016147,12.1235747949038,9.9296542524817,10.3844145544209,12.2090008884684,9.81164436483813,10.0537657551721,11.850952940945,9.65423883179926,10.3389911748434,12.4565645997209,10.0360769461451,10.6179508523524,11.3507750177651,9.97970897715244,10.4315048450777,11.0482184236238,9.62229167595195,10.0415862508195
"gene80",9.11262244562639,11.7174693028577,10.9934132113926,8.30532360180872,11.8178056710602,11.6048826543549,8.61155781988385,11.355332773424,11.0669549666161,9.04959315066379,11.2660300604999,10.9029641492232,8.47919567150397,10.9707587174673,10.3029045941993,9.41957385402265,11.574815107065,12.1218284102442,9.04863958600672,11.0067137258434,11.2099046856887,9.13403881503886,11.2763098539365,11.3433478997082
"gene81",8.49820535955344,10.1357021440428,8.95028801857192,7.6732507634164,11.7946664797315,9.83726574070976,9.11952346229339,10.178341370528,9.02982648394211,8.20706823578043,10.2175853024986,8.98048830231149,7.83401547108752,10.8421056972789,9.08010273280419,8.15700268948827,10.2252118477801,8.96231505211323,8.4880087669558,10.8773194062275,8.93153606561121,8.67909413791101,11.2021802200917,9.64158391308694
"gene82",12.5949786852983,10.7937270998869,13.8025801710507,12.8453392984756,10.4101662273966,12.8958545361991,13.4871860575274,11.0538593303077,13.8224804220741,12.6171636537256,10.4564642390043,14.6126392800274,13.1037336675316,10.4443649618473,13.4824229525878,13.5226676258064,11.4424571033934,14.4380491503125,13.0910243541269,10.0841732943651,14.4097578117783,13.5060518908048,10.8357707700544,14.3442656699059
"gene83",11.3113992281062,8.22103483720938,12.0164947213153,10.9107965460743,7.93134876314569,11.6935939755321,11.3698405296783,8.79605899771926,11.6398710304032,11.9963086959453,7.54701003295893,10.6611127341211,11.950779726849,7.83640144310531,11.4965888811701,11.8236757074375,8.88925109773018,12.0423318156236,11.7864611791762,8.65502662398512,11.343063871869,11.3690162398701,7.82969391222465,11.1313579258558
"gene84",10.1456800591755,11.7341296534852,10.9677491367631,8.50259227834242,10.8308280441524,10.4983414029125,9.11650501503063,11.5513848167668,10.8686836897396,9.75355952198345,12.4103080184968,11.2298878889099,9.73166425069073,11.6304583748498,11.3404942525226,9.52928692850355,11.1281360733331,11.0825001139647,9.66338475542477,11.9659177185228,10.7853779902331,9.7758065477443,11.6940169634881,11.1371848071787
"gene85",12.4139667961599,8.0891022778525,10.8722644398247,11.0558958914385,8.92630081768554,10.1625545879777,11.8712099908126,8.65309217619448,10.8198739375112,11.1903498501319,8.68174093804803,11.0203648240665,11.2631456582147,9.33301053328193,10.6661599530251,13.0940309783107,9.62731247460551,11.0680197953453,11.6667227671644,8.47522377481383,10.4178454516038,11.3611006526572,8.74038253345012,10.8197467251457
"gene86",10.3005291073826,9.96553936209489,11.835163980291,8.97080718488644,11.6876972419738,11.4509367747034,9.8105845423479,10.6095293113005,12.1734140946396,9.91208920181938,10.3601256815467,11.9678315407685,9.82756621498103,10.4295154522554,11.9469511242848,10.2757244022218,10.010591591241,12.077937841093,10.3966230383807,10.5621214870152,12.0560680178771,10.264774082499,10.412487086811,12.3888737676648
"gene87",11.42166403323,6.73174537901115,9.26193424480112,9.6249934912722,8.24717747866933,8.61163545872351,10.2179149540423,7.0790961974005,9.62276365475085,10.8462496087433,7.12573373028762,8.17330588337038,10.2182907721902,7.23576616737033,8.67129920509756,11.1546688345221,7.74332370076138,8.18434283085245,9.59963898443258,6.87289716659793,8.54089431703034,10.0140261063544,7.35552249435641,8.71239437309627
"gene88",16.2282865870154,11.7509636796041,15.3842114737746,15.0666920485617,11.9115606903316,14.1817181707173,13.968330521734,11.8006856449982,14.5291410715912,13.9453412443521,12.1366486725315,15.2343614994225,15.8788197029967,10.9396549617829,14.6488501172771,15.8310480538184,12.874496951676,15.7037758310057,14.7371127002227,11.4783025722599,14.5697847437958,14.0660419393995,11.4947684258565,15.6495365858914
"gene89",12.7997363552431,12.7071367576646,14.2372690013897,13.220350941505,11.9149982435526,13.5602768971748,12.3350550607832,11.759289178126,13.6461168840348,12.1699439620231,11.7531779999896,14.8106271505559,12.7728242181731,11.9438368983907,13.5557564833776,13.6932670485099,12.4593754156919,14.2349363452161,12.7075402979667,11.8550766553324,14.463850285327,12.4775248477983,11.6762507800647,14.5186318096033
"gene90",14.5499744638438,12.326521275709,13.0115780839582,15.6768436589409,13.623817215136,12.9045360851967,15.0111925689781,13.0353854478188,13.7753493954544,14.8333588344407,12.1311594063102,13.6645921443372,15.7553775890534,12.2935021577679,12.664250884667,15.5851517623912,13.145631179389,13.8431517110426,15.6338147105277,13.3550301689988,14.2565581262436,16.1506188123843,12.773957634899,12.9634115206489
"gene91",8.47615229591514,11.4711906935244,10.9963009050405,9.34823042476507,10.5713367909129,10.7274428163127,9.1669789984302,11.5874667267356,10.3573067571462,8.93045633667253,11.4791258246328,10.4091769477052,7.4816266430182,11.9232656384351,9.7892783390664,8.57926867595726,12.1158491370044,10.0425547476623,8.9387470009964,11.1844321597834,10.1763881933843,8.23960837423089,11.7082405725826,10.7496327133942
"gene92",10.7707774253289,12.8368917701731,10.9577099023868,9.64271326967638,10.938620842711,11.0755839031783,9.87093710481321,12.5629336965858,10.927132382704,9.53296946606193,11.9549902816246,10.3336309693572,10.0326372600648,13.2872990954387,11.1584310595321,10.0766870755737,12.5372942181401,10.8585033768825,9.57117623957931,12.2275838208143,10.3125340810285,9.25216464130062,12.2014998694576,10.6353411248024
"gene93",11.0491880606134,11.0237391154735,9.6704771200027,10.5607980554273,10.7967614055479,9.58618013188582,10.9155009855126,12.2203283524825,9.88790484037349,11.5094678629997,11.725984577978,9.57327423497598,11.7648212762394,13.0342338399036,9.87726711567669,11.4767778310903,12.4881987843113,10.9846432967346,11.252809241745,11.7095298633933,9.87827483074247,10.0513983926327,12.1137098594172,9.65066507263604
"gene94",11.1396523984972,9.6023573297256,11.3282898722,11.4858690782325,8.16871525510203,11.1633064884225,11.9563939571932,8.60534483446245,10.4808635825197,11.4377631999889,8.44632739528122,10.3521260517891,10.4976664493833,8.30725510451924,10.5451200227192,11.555458965545,8.66703630679208,10.7208858566253,11.1489075733771,9.62740467494661,10.4150979848135,12.3548443948924,9.1820742347026,10.4615039806099
"gene95",11.4422856737115,7.50707572646494,12.3946884948924,10.8756375494493,7.57936810427627,12.0220934290496,11.6173212208632,8.32784756536351,12.0891259790944,10.5641438443861,8.04782304378172,12.7301451910619,11.227415364693,7.82819011186441,11.8122437935414,11.3567042094554,8.42894659375324,12.8224505628335,10.9819155151272,7.57402273092231,12.3705520946372,11.7348533557056,8.01700861682432,12.3923969393886
"gene96",12.0645620107965,15.4962731938017,12.4005859623791,10.8812462514734,13.9953892259041,12.9498932613746,13.5574539037594,13.9714755391739,11.5144579039957,13.0392528755127,14.2928228850175,11.5612750005918,12.1682167497593,14.3338778777861,11.3921858652154,12.5778577967139,14.4019314815331,11.6360715503449,12.385919945276,13.5061720082094,11.3109084877571,12.2723114298519,13.6025886592072,11.3064750190836
"gene97",12.7651420714114,10.6973312873462,8.62865627564939,11.6053360425219,9.31773476331577,8.92845287713851,10.5971424670922,10.0415204672585,9.31588726995409,10.9592106472848,9.7065434148335,8.60718948103884,10.9595786417383,9.80200747729227,8.71015502794453,11.5960513628915,10.1022813416512,8.95183730264258,11.1974354528188,9.25430273940458,7.98139547923984,10.8153291597402,9.52858872789756,8.37374324957965
"gene98",12.8012892833457,14.0069979103631,12.1770489884114,11.8442268360175,14.7803987387258,12.4177459649641,11.3906039375922,14.0674350219592,11.8876785703673,10.8391538072175,13.4869926887482,11.0593444438889,11.93533889644,14.2979100451417,12.1641010543986,10.6097295993981,14.0132612003787,11.2376230525854,11.1398511694004,15.1800149101391,10.8720771470092,12.132832592264,14.3257537785403,12.1134587273235
"gene99",9.60854266953479,11.652344998675,14.0537360448388,9.91294073151613,10.5821883097051,12.1357602347976,10.6883921948957,11.2675625782813,12.2332153185308,11.217965551082,11.2660300604999,12.7462580946875,11.3563767052267,10.9166052850888,12.8119479680387,10.7225610450884,11.3709720189038,13.4851295539332,11.1018029531069,10.8129855774339,12.4278962897336,11.1744081496848,11.3382336528904,12.9635937172705
"gene100",9.68935851774234,12.0599325558667,9.22695814000641,9.54480350185931,11.4636705442509,10.1995437878351,9.70201073458177,11.2536917828629,10.0789893963651,9.85835230041068,11.7804079120459,10.444080312262,9.50275640896226,11.2687664664527,10.4579139320114,9.32807156360243,11.7844805402173,10.5340443285314,8.70002411485386,11.9115614038874,9.51239456048818,10.040288006139,11.6064919640147,10.1671357551225
"gene101",11.8390633229132,13.4361068115567,10.1946346801887,10.0014397272074,12.9174650788909,9.91615344855841,11.764379671226,12.8127748255055,9.93187980157249,11.2858212762262,12.8647062705478,10.4962878422881,11.3057185964679,12.7783740415195,10.044330295716,9.9891764045747,13.1674167319055,10.141763470542,10.9421811136705,12.5315795148895,10.0296395004019,10.9579477410176,12.6073178200949,9.14396099648419
"gene102",12.1050026917525,15.5055758244426,12.8646170349389,10.5218309871165,14.5868152191346,11.7676794776794,12.0451852088834,14.7548982549143,11.5340439285198,11.6362582153682,14.229621349341,11.9471965655801,11.376030167545,14.7368531402422,11.9530383259616,11.970153051258,15.5110458822545,12.2222366727006,12.4132367453041,14.1431886949342,11.5311665885028,12.1229194644468,14.2754126624901,11.88050963888
"gene103",10.9518706026906,13.3628878681379,11.731532952174,10.0668871368177,12.3863784870568,11.7181349883405,11.5706642428988,12.910799844414,11.9999192062872,10.5124467332291,12.7621720280365,11.8250747751906,10.3137333856072,13.5477664438621,11.9621212404199,10.6049638594855,12.7768685087167,11.7709260635844,11.2887606136963,13.0610402323582,11.5871594973032,10.8496778226631,13.0829554052746,11.9227285130061
"gene104",12.2882938640463,12.9327056587749,10.5192746050832,12.5490870151583,12.3330910167236,10.9715265065479,12.6291598806591,12.592010130988,10.5954971044419,11.3711896125016,12.3760882199804,10.5546790069445,11.3333135326949,12.8789355779705,10.0174729007994,13.1229325999484,13.0551838416882,11.023185499868,13.1180232324814,12.2030720067413,10.6828911904764,12.7909542207062,12.3625153927437,10.0179198731486
"gene105",9.42962056679837,12.2924303423012,10.8327449181219,9.33193919629971,11.8877031531643,10.8781654513637,10.3663277629204,11.9147684906678,10.596325419318,9.78565661351455,11.9240691499254,10.5914688883001,9.7831747034663,12.3991331487968,10.6450085851626,9.74824200678605,11.8499560363675,10.5810335403496,9.31638965810177,11.891877153988,10.6281886457345,8.90822058873479,11.7176456649193,11.3863863054519
"gene106",12.5003611049455,12.7039452843367,11.6868301968491,13.8993894016905,14.0574598286924,12.2937747518593,14.7586881839739,12.666895638883,12.11449987907,14.8858881491777,11.5472918603983,11.8545624053642,14.4717313891284,11.5854961936234,11.545080289084,13.9614786874269,12.7176056548928,12.1278911724338,13.3384153035812,12.2129267640094,10.9309627763649,12.9145785718595,12.4103815666527,12.0358728998605
"gene107",8.20294997097604,11.5219645520481,9.05592637302025,7.62948519084725,9.85562996408924,7.7132984867763,7.00453795102168,10.1977896965826,7.79663852534796,7.92016263858835,10.9241560945592,8.69674668365059,7.4816266430182,10.4880178724301,8.09871803652451,8.69441551160714,10.5070202819907,8.49263494661147,7.76746979877757,10.2538590419319,8.45789654840905,7.61114566564962,10.6208490486769,8.65578752410465
"gene108",10.2416150285554,11.8739972315827,10.5782805363271,8.21345204354391,11.8414831080958,11.008948437325,9.47809428010763,11.3817894205965,10.5466224444407,9.36033019314132,11.4005758022961,9.9862984725819,9.53152073030073,11.8812216669629,10.9213384310247,9.85512301609383,11.3944498703176,10.3658713470762,9.31209604317103,11.5930396081362,9.78346203486556,9.6724554378833,11.9157104596117,10.5456944826149
"gene109",9.90279336422231,11.2649977571725,10.9458088970175,9.77714230513578,11.7399942904518,11.3150442304493,9.06420090752773,11.6482223689311,11.4861360965157,9.50544365406334,11.5300687077837,11.2232051167844,9.07239988016912,11.887162340385,11.8626955043305,9.72207211364418,10.9347542687681,10.9075818447444,9.67847372648998,12.098591922922,10.9538601315753,9.53673601089785,12.0051731605237,11.7137577145128
"gene110",13.0443558438073,14.0544232810408,12.3739664384655,12.7800384249964,13.8633905943731,11.7926534933245,12.3042149079742,14.4298414361444,11.9333001364692,13.0046296904288,13.9864865002888,11.7055030813918,12.989660916399,14.6297597841094,12.2063327376466,12.9665448861201,14.6962707419557,12.0184314503904,12.6298899132394,14.1543450294319,12.0076479100092,12.4628060842376,14.1221001524446,12.13108526688
"gene111",9.74390508108835,8.08448979212402,10.5721003260396,11.0804830095405,9.02822187162145,10.1995437878351,10.5753237558273,8.51520311792994,11.0906623589952,10.8638379095386,9.0436202167778,11.2497524552885,11.092111127742,8.19679064941468,11.093784147093,10.9687118524301,8.43592599050037,10.8082772699678,10.9518728480702,8.99437780766237,11.312385749707,10.6834752611361,8.59426321174204,10.8116726998971
"gene112",8.94291396710844,11.9232598451618,9.72997795903883,9.29038762655312,11.2393691048423,9.36129456418801,9.66942731353025,11.8552867893292,10.0381178527512,9.10743735847998,12.6541464332676,10.7334395339847,10.0279861385228,11.2138871490516,10.1470229023163,9.32227628227432,11.2499623049179,10.4479402906703,9.22113777697185,11.3175646422274,10.1893098643125,9.21312136072468,11.0347877830963,9.80992151088769
"gene113",16.3006167577775,13.5692705372168,15.1287988859999,16.058661559355,15.2099175489533,14.0167622845788,15.5356082531594,14.2538556584219,14.9449886111064,16.5952969242153,13.1376642754465,15.1978130762283,18.0721660577623,12.772769479592,14.7954440450682,17.3602125760105,14.7423916760583,16.1549831924632,16.2276198369582,13.7126165983077,15.3242397636163,16.1037663530402,13.7810035618082,14.5312863838913
"gene114",10.9574528343714,13.8263728318065,11.8861847839548,10.2572032441817,12.9780844300937,11.4826590081483,10.3548469966871,12.7477386617057,10.7825153777715,9.87440693740778,12.2512445143484,11.3014250904209,10.7172449364446,12.1489438780459,11.224504810032,10.382615765976,13.2262190562115,12.0853862333346,10.0741936517079,11.9761914416058,10.8820598461745,10.9003973614567,12.1042501534968,11.3661306319119
"gene115",11.0846004338189,12.9775502513758,11.4214706901306,9.8069164015523,12.5159667479797,11.5922942594092,10.205184746136,12.5541581272487,11.5034607755406,10.0132767902884,12.9043571792165,10.8540568749468,9.51610354876046,12.883648075602,11.8909786902382,10.1395530312113,12.3731486816184,11.2641190349115,10.2483350755628,12.6927516078351,11.1038550731817,10.0961962200298,12.9883073056306,12.1961062325518
"gene116",10.5605044100335,12.2539244204893,10.7847821947267,9.41934660709763,11.995539858082,11.0527937282572,9.19300235357975,12.8605874669683,10.3425724459594,8.89257140537577,11.6844968497842,9.8323344446595,9.73071046140984,12.8781900902475,10.8546213352762,9.6171116061129,12.0753579276794,10.253479796685,9.23026851574427,11.8296825030175,9.58752600612001,9.61703329457109,12.3641015559667,10.5926283288916
"gene117",9.17418898810655,12.488686287837,10.4760721687029,8.7917974071979,11.4823276446058,10.7434714379992,9.28190399808995,12.6051181845777,10.4718648347459,9.32114140759744,11.1056268446531,9.51701250927859,9.54460558062524,12.5725872678176,10.5978724308287,8.91837659839965,11.9845639706314,9.64744642864535,9.43762341356239,10.7746004491819,9.60691740219744,9.69781759393206,11.7490101218795,10.459438323341
"gene118",12.3583876618531,10.5445135862709,13.0198322364935,11.8437481474913,12.2150014932311,12.6843956537114,10.8874434310319,10.6722812646077,12.6151091653405,12.4310129307778,10.8885609377531,13.0560117266963,13.413266715944,10.2085262068097,12.7928430905837,12.1976835031059,10.5749842555287,12.9670736487607,12.1883794962368,10.4941204693647,12.9401640904198,11.8130942719238,10.6983409156671,12.7862447630322
"gene119",12.4800047477428,9.50043345715867,12.0621338725521,12.5970238948785,10.0911256439568,11.8047074448197,11.9226622963474,9.89234198204432,12.1916161669444,12.4739069285606,9.9115775712941,12.1013744112579,13.3676717948757,9.72006391973522,12.2042077269029,12.7530351383413,9.59649844908934,12.0186824643377,13.3124537424674,11.0938020224703,12.290365582509,12.4871030647717,9.66409684919773,12.4541263132494
"gene120",9.35182300369905,8.74697164233275,11.3033235844531,9.8322327369084,8.47851558549873,11.5821438546464,9.93401868585467,7.89936263569035,11.578317201265,8.49584528938265,8.9507920382816,11.7138697928665,9.88270463050079,8.87198668565573,12.1038229955738,9.72646686177243,8.69057093636866,11.631154908784,9.14351924318081,8.53446066809329,11.3057261261234,10.0538557906938,8.81444400978,12.6862357830372
"gene121",11.5197908404193,8.5095602817111,9.88135590734506,12.252145514681,8.51521738715691,8.74954205817701,10.4333574483108,8.90656069877897,9.92793700846197,11.3992023614604,9.38755089585739,9.27354927741318,12.2473766161198,8.96853606141967,9.33442404024334,10.9853100331853,9.06159777885754,9.57964961220695,11.8941492516946,9.05632035045721,9.87027316752217,10.9480737454297,8.97253138755632,9.97951544494766
"gene122",10.2598014285504,10.8244789899923,9.15848527026365,8.6761025320154,11.6297765423687,10.0856034346229,8.43865836866708,10.9715115200179,9.71106604691841,9.46637177979067,11.904401397392,9.29282570589429,9.34715956318386,11.9655233965965,9.73142926557882,8.98836001128195,11.1758165550624,9.34677584888107,9.21425159796541,11.7615897927691,9.41399660013243,9.92017315880076,11.8754972795927,9.22157964755762
"gene123",8.52852403497283,11.5926930148776,10.0034980111849,8.21345204354391,10.5225959368319,9.64343597859125,9.17280266847336,10.7751201945024,9.52174282456164,9.0824154015809,11.5441178614965,9.58113546412023,8.26664367833608,11.1461428696973,9.34680627434753,8.78146896581804,10.927963441107,9.54800013980289,9.0767523243591,11.1736039961794,9.06722190979692,8.1778612488672,11.0111361533642,9.99955642203534
"gene124",9.63863717543637,12.0852600044661,10.2556787909203,9.3589899298598,11.7130957551473,10.160850515502,9.81617666557364,11.7076534914027,9.80721024561253,9.40137597869904,11.8611853262058,9.72526092927936,8.88106365144628,12.0318246879729,8.98031673145712,8.93872065939646,12.13232358814,9.50993817437234,9.35446777921639,11.2718811840724,9.41949051406069,10.6456907792876,11.5577307601613,9.54748260713905
"gene125",10.5905808614046,8.25837134496138,12.0823863675821,12.4547506964241,9.19019310335843,10.8771280018347,10.82224476709,9.40467208618773,11.1839839606246,11.4624477697673,9.58331822802654,11.9324208084582,10.585225039028,8.93451789470078,11.1828094392426,11.1003952914704,9.50985526841206,11.7295087637199,10.5639522203192,9.08961734647601,11.6935863599156,11.719069917115,9.34943142339371,12.0524128454064
"gene126",9.7875378137846,11.3433409276836,8.05036805011923,9.77312559081477,11.3703457233321,8.85868685951481,10.5565148226045,11.0114422732935,9.39418418067786,10.173619410025,10.741130686,8.05032917825286,9.59159289849722,10.8673687694035,8.96834590352842,9.12112516711917,11.0387000811551,8.90263462929769,9.00142142648041,10.556178612149,8.66634341973853,10.296248522577,10.7144577878425,8.60436633035415
"gene127",10.2429216874379,11.8706524682544,10.8797899047821,11.5842856321903,13.1833709872353,11.5674263826971,11.736634351622,13.3536070241052,11.161213364247,10.6683101055863,12.6464712158516,11.4010102010697,10.6160262884523,13.4075602384478,11.7766486225176,10.0960626013427,12.392785382243,11.1208861885322,10.1922019180592,13.004987962821,10.8820598461745,11.6561736093275,13.297276482414,11.1545255632321
"gene128",10.0110531085325,13.5482791598723,11.4415261810649,10.5537909709707,12.500605149038,11.7111657641905,10.260923081005,12.5323019899796,10.9558148309194,9.21988271585442,12.6399447551537,10.7109259296625,10.7061271385505,13.1953274644304,11.6851422919871,10.1062158474561,13.3374373916553,11.7514236818126,9.83030650756069,12.496941932033,11.0222558163332,11.3320369939818,12.4497556952026,11.0250334527103
"gene129",11.5902671283427,13.4709818710352,13.7062255279227,10.5549611843384,12.7598453984906,12.3234021478896,11.0417940494692,13.4405258961789,12.8156704946106,10.4817915779028,13.2892423864005,13.0265682674576,10.8261846476006,12.9430744528295,13.2535293596172,12.3937096670436,13.1543849167831,13.1072709329321,10.697508940176,12.7787110861116,13.2858228790116,10.6787064544695,12.6900242449721,13.4337751125794
"gene130",10.6887740348527,7.55454322251273,10.8507266103063,10.3585258162049,6.53059791562956,10.5487293663657,10.7818532322443,7.0790961974005,10.6233963862384,10.5559438502953,6.52815232562578,10.5639648042226,10.8749141807412,7.42189290930867,11.1601860998436,10.656540650223,7.08448183566597,10.510677091879,10.6232061417346,7.71725618312591,10.1649860061601,11.0756855896176,7.03983273527899,10.9512475031
"gene131",8.86698341457961,10.7830918664743,9.68915764186117,7.89646219820216,10.8975081592997,9.58109228536664,8.43381638522632,10.8353430999615,8.4957266113096,7.73377075887332,10.643666698523,9.0157197154428,8.86376672843117,11.1502655447927,9.23467870283471,8.47168660764512,10.512807847005,9.4124379452922,8.05125379260767,10.9471046210185,8.60015202074886,9.44983998173234,10.8778311767697,9.61770184653496
"gene132",13.1650604962907,9.94023478348679,11.932148935449,12.0750489170014,9.7382868591117,10.5642825491422,11.1147017634168,9.29155998077685,10.6970627883234,10.7965629148085,9.26643705376578,11.1440422591577,11.5248547070242,9.48958935188641,10.9671725478196,11.5896328418699,9.83692555178288,11.7688384292811,11.503090759895,9.67863246823793,11.2459112847799,11.0960971739648,9.41347237976528,10.5553976201927
"gene133",10.6360441782282,11.1372089954368,8.92626251671964,9.31546189873971,11.6710213883667,8.48115617223334,8.70695484853646,10.9420228134566,9.24370845187067,9.8875360202783,11.4124603856755,8.45007738879668,9.61245513853816,11.5885376620106,9.41601265260792,9.55422376432044,10.8556368206294,8.32088509793917,9.86442764014392,11.6825052800292,8.20146047240707,9.79356003004493,11.240680805941,7.82522926495782
"gene134",9.56741451016757,11.5959374914554,10.2776831151504,9.07236544635753,13.4076584816687,11.0863966155891,9.75149332322396,12.093254528307,10.3680170746799,9.79301980871695,12.6664592474182,10.917525765561,9.03580017738471,12.2792669264297,10.8675694968599,9.56080142807458,11.8315499939463,9.83928544211481,9.6650691222441,12.7628015992999,11.1409097196612,10.4543444599064,12.5840648644496,10.6399085291624
"gene135",10.3510855002721,8.69647970370315,8.71533126594654,11.128434784474,8.34216619882575,9.76955348545519,11.8662768748817,8.39116465587004,9.53216923048036,11.1995215958132,9.0436202167778,8.71591523458114,10.254576831029,8.74253001107036,9.21792464275344,11.5932467730026,8.77830514190433,8.45157612196809,11.7599103346394,9.52645964515534,8.94683534954284,12.1931531903961,8.3599826722651,8.63763249036937
"gene136",12.5954902237382,11.991675267938,13.7464007884116,14.7655770409944,13.8263328266508,14.4208324458889,14.1220333429504,12.53102475628,15.0704103411041,13.4727413035446,12.5171191601334,15.5726976909968,15.0968958216568,11.9608365926469,14.8709293215868,14.3527797302484,12.2051094776678,14.4900272275475,14.6119867739742,13.0960738883286,15.1501282382915,14.5538108877588,12.9158964319362,15.264329413117
"gene137",10.2739316309045,13.1968009443182,12.5163564471491,10.547925623689,13.1283508695192,11.5751237927001,9.10131731519093,12.0906560030981,10.6315004202428,9.37020944721001,11.8087212766662,10.6561595431534,8.72888581019937,12.3357460631683,10.964161828822,9.64368905481495,12.7975057621255,11.6906530117336,9.56397193867931,11.7212621683055,10.2614439499493,9.63191230603261,12.0500980311886,11.0396249239178
"gene138",9.63466066144082,11.3307379113841,10.5759660588758,8.6500558415543,9.63992758172113,9.17123925600504,8.34891435930337,10.7588451780695,9.61950781433741,8.42178025654716,10.5706757804189,10.0872722782082,7.85867331389128,10.8613458548583,9.84271286647551,8.94124361331053,11.9082038554077,10.270443231967,8.26181315333027,10.1862064680435,9.65893770898293,8.42567859989428,10.4659895467751,10.3035067821277
"gene139",14.5287717730194,12.1090154532486,14.2894083480432,13.5269920811875,11.4701111732506,13.789161722162,13.8734025158568,11.758743671104,14.6976240988126,14.3825693247715,11.1917121992061,14.8203460143852,15.5830785245509,10.851251448542,14.8099103998577,14.6161068914465,11.7058215002101,14.7059396434901,14.4492957280654,11.6732003812099,14.6569605334662,13.484353707744,11.211216858937,15.0797376414123
"gene140",11.278646681092,9.09534005990714,10.9386208837456,11.0350816077939,10.239707126025,10.1385124367942,10.8287144119526,9.19163251811169,10.9833050212129,11.5161569859885,8.93148749944864,11.4425963487784,11.4838361617456,9.06253148718069,10.3802331128159,11.8181958153471,9.60735838150331,11.2393472339037,11.4147455295458,8.96237978251438,11.5126514322571,11.1360738874282,8.5966639543528,11.2448456263947
"gene141",10.1428830800926,13.6345204675484,9.84465390698644,10.8114794682789,13.5005343790894,11.4874257362232,11.2523796239375,13.8545772261576,10.0048154862708,10.6937093309934,13.4712039011137,10.2324394295127,10.9640494741943,13.7533584324887,9.93581441218083,11.0316229490836,13.64958518027,10.4434597910248,11.3007286305679,13.2640791583386,10.2021168270393,10.9321334268986,13.376688943775,10.2661786966988
"gene142",12.393815923446,14.9079603035761,11.9041316479901,10.2800278456854,13.0437367219444,10.560409944589,10.9430232690771,13.2391858889158,10.7904992280899,11.2982934494213,13.5810503593565,11.1858860684238,10.913671184754,13.0049382043615,9.86870583247579,11.3972367825057,14.0055853010681,11.6814869303768,11.0524649479614,13.1693441023642,11.5273553130976,11.4565902996035,12.8631550782255,11.1532481862709
"gene143",16.1123671250916,14.3954710947711,14.9340116832791,18.2301828439743,15.541334282099,17.3538245477753,18.7178205877421,15.4466115094772,17.0194180305364,18.3847179021869,15.4031322770929,17.5097871898631,18.0291805062997,15.2704179593647,16.1825434073019,18.005502125229,15.0699349995409,16.3666229394957,17.7115139150295,14.8499156563643,16.6186355104444,18.1038149572692,15.2331351799773,16.5059508647648
"gene144",19.9706095895628,18.33684210723,18.9489576341223,20.5545543798832,18.012842947565,20.0395782513162,21.8167952971693,18.3058056392,19.7680864181635,20.853845443922,18.0386664410672,19.1438394666855,20.7264333137936,18.2067816958175,18.6460205747598,20.5450131437448,18.3843854399512,19.0258020002436,20.3092414130825,18.3135970367526,18.8347636196399,20.4796085101918,18.2346106503526,18.7299683417222
"gene145",13.1529480067918,11.4773611587263,12.1818766025585,12.2014852935054,9.75180634816584,12.245550235223,12.0916526448051,10.8528282114802,10.8918084008009,12.3601595103638,9.77529043581561,10.7287289363478,13.1373209440185,10.2021861243879,11.230364125991,13.0171958505919,11.185684092845,12.3542018245755,13.442008958429,10.0973291116123,11.1963671375557,12.0756348946238,10.2481254154803,11.0965583301265
"gene146",18.4291547568449,16.3205049960457,16.8757774697454,18.7535777185638,15.5500658414208,17.4123438340546,18.1861945691196,16.6128770475796,16.8944399220379,17.0462637675351,15.1627903548186,16.2919255349112,17.8984507974913,16.3024639430921,16.4976984098052,18.6319112095639,16.7252765328781,17.3752741790622,19.128556436194,16.4079160194144,16.9603274585084,17.554297866981,16.3033729629347,16.6112536029649
"gene147",12.9687827784717,10.9709882665634,11.457958890327,12.4973735816782,10.1152341015738,11.675208781261,12.933108241985,11.6593711440715,11.8791955471601,12.0519942958688,10.3644508423271,11.2348797314945,13.0907830804848,11.4286954436783,11.5597809321965,13.5272928864029,11.1700727699728,12.05584841855,13.994934077225,10.9149577720129,11.6787730065421,13.9025995285097,11.3259873605248,11.2827225085507
"gene148",14.093293559708,12.3719411788305,13.1206680552516,13.8666599591426,11.5579350045285,13.4548788286065,13.7185339865857,12.5236586376256,12.7078963734132,13.7153105788074,11.6111691351647,12.654237194157,14.4876626993822,12.6041878708055,12.5909996509771,14.416723792757,12.815345234405,13.8764265283456,14.574780658101,11.9708403670531,12.7474917913734,14.8304341704746,11.9627645437139,12.7198449828044
"gene149",10.0079822676178,12.2324561066115,11.1051720557908,10.0286500638316,11.2489347515839,10.8509462964177,9.46628744343776,12.0058508212034,10.4389965132501,9.53472741931532,11.8652604819132,10.4962878422881,9.5489409569821,12.2538206328588,10.4721129826548,9.54264019277696,12.2552914864635,11.0621867264135,9.62409141842177,11.2776713549351,10.762863916972,9.47756141332646,11.5867018103842,10.6499062081566
"gene150",12.3682998021163,10.1850094775892,11.8654871756046,12.7994225985867,11.0357623534161,11.690053788454,10.7665303702698,9.94508049397888,11.4654308031545,12.4524449750393,9.77095264602615,11.9044974608792,13.0485422433335,9.42299637854493,11.7564873357803,11.537229987695,9.73167489562888,12.1208934120828,11.3575616665668,10.3627342800747,12.2993329431828,11.8838605709769,9.61757098679414,11.6308326694251
"gene151",11.8054102528928,12.0359453100173,10.2918550399591,12.5200206633955,11.1705725450455,8.88782376268553,11.0576178808704,11.6860114052607,10.1025014790426,12.3657255439987,11.2675704322049,10.1660431870344,12.765857524462,11.4615813469433,10.0519128906768,12.7698101518971,12.2978130271833,10.9059544194528,11.6875892675284,11.7276216199589,10.3732454729401,12.4050308468814,11.3567644860797,9.13622306078789
"gene152",10.6752873015254,8.67822853174777,11.314010239089,10.1910026593639,8.9830824257407,10.4419260907422,9.15526065487215,8.54081264811319,10.7162404676877,9.38002150957155,8.41330858343824,10.3749163838796,9.81141741520695,7.87677130157779,10.6235424965128,9.457079609788,9.30783022584449,10.9386898547632,9.81975957804767,8.51498405099207,10.8508859059624,9.12237893558661,8.40724876969098,10.6625311380383
"gene153",12.1100237451712,16.6880537868774,14.95364430151,13.6338503154846,15.6348205123906,12.9849868720529,11.8155299034904,16.2300816889207,13.0860000079283,12.0763381345106,16.7401387996661,14.590903127182,12.8698008270714,16.9917144100481,14.1613455113841,12.7364259763358,16.2407548685875,14.0708798975178,11.1857490312758,16.3916972411027,13.5663221294,12.7083530742593,16.3959616575107,13.3020838797893
"gene154",9.8159100018475,7.97909477818007,10.4203987468889,11.8220411016281,9.11447260032978,10.9812147997967,10.3777178874406,8.6483879301611,11.0639639617324,10.2164169937565,9.08264566789757,11.4654280597905,10.8605981600166,8.48490482299382,10.2412317401802,10.1774971010698,8.31621153730793,10.5056713719154,11.3575616665668,9.19740211725938,11.6197409565474,10.5462229635774,8.54538980368647,11.1678701771465
"gene155",7.90578275100536,11.2210223034593,9.29044689908221,8.32740557073226,9.93057013933315,9.10543253858498,9.2269856778337,10.4778450667603,9.120140615279,7.94945368898153,11.2190371217754,8.64768051446693,8.91000068863662,10.6470131181801,9.53981486822621,8.22484263089335,10.479418889101,8.43361534123557,8.77056742301869,10.5163294286841,8.54089431703034,7.8219084441531,10.6072215661172,9.13104128305715
